timestamp,cpu_usage,memory_usage
2024-11-13 16:09:46.838735,0.2,550.515625
2024-11-13 16:09:47.040059,21.0,0.03125
2024-11-13 16:09:47.244170,0.5,0.03125
2024-11-13 16:09:47.448624,0.5,0.0
2024-11-13 16:09:47.651402,0.3,0.0
2024-11-13 16:09:47.856587,0.2,0.0
2024-11-13 16:09:48.062958,24.6,0.03125
2024-11-13 16:09:48.266749,19.3,0.03125
2024-11-13 16:09:48.472089,0.9,0.0
2024-11-13 16:09:48.676356,0.2,0.0
2024-11-13 16:09:48.881387,0.3,0.0
2024-11-13 16:09:49.086066,28.2,0.03125
2024-11-13 16:09:49.291231,0.5,0.03125
2024-11-13 16:09:49.496664,0.8,0.0
2024-11-13 16:09:49.702841,0.2,0.0
2024-11-13 16:09:49.908136,5.7,0.03125
2024-11-13 16:09:50.114201,26.8,0.03125
2024-11-13 16:09:50.320573,0.8,0.0
2024-11-13 16:09:50.526288,0.5,0.0
2024-11-13 16:09:50.732008,0.3,0.0
2024-11-13 16:09:50.937846,8.3,0.03125
2024-11-13 16:09:51.144709,24.8,0.03125
2024-11-13 16:09:51.350860,0.8,0.0
2024-11-13 16:09:51.556498,0.7,0.0
2024-11-13 16:09:51.760277,0.3,0.0
2024-11-13 16:09:51.964752,46.5,0.34375
2024-11-13 16:09:52.168521,157.5,1.5
2024-11-13 16:09:52.371852,69.9,1.53125
2024-11-13 16:09:52.574963,0.8,1.5
2024-11-13 16:09:52.779339,0.2,1.5
2024-11-13 16:09:52.982587,3.7,1.53125
2024-11-13 16:09:53.186263,26.6,1.53125
2024-11-13 16:09:53.392154,0.8,1.5
2024-11-13 16:09:53.596320,0.5,1.5
2024-11-13 16:09:53.801763,0.2,1.5
2024-11-13 16:09:54.006222,9.9,1.53125
2024-11-13 16:09:54.211969,24.5,1.53125
2024-11-13 16:09:54.417220,0.9,1.5
2024-11-13 16:09:54.623476,0.3,1.5
2024-11-13 16:09:54.828408,0.3,1.5
2024-11-13 16:09:55.032859,19.0,1.53125
2024-11-13 16:09:55.238909,14.8,1.546875
2024-11-13 16:09:55.444543,0.9,1.515625
2024-11-13 16:09:55.649692,0.3,1.515625
2024-11-13 16:09:55.855082,0.2,1.515625
2024-11-13 16:09:56.061179,39.3,1.546875
2024-11-13 16:09:56.266620,5.2,1.546875
2024-11-13 16:09:56.471234,0.5,1.515625
2024-11-13 16:09:56.674994,0.2,1.515625
2024-11-13 16:09:56.881231,0.3,1.515625
2024-11-13 16:09:57.086116,25.6,1.546875
2024-11-13 16:09:57.291750,15.8,1.375
2024-11-13 16:09:57.495416,6.6,-10.546875
2024-11-13 16:09:57.699846,0.6,-10.546875
2024-11-13 16:09:57.902496,2.5,-10.46875
2024-11-13 16:09:58.105975,27.1,-7.4375
2024-11-13 16:09:58.309450,1.1,-8.734375
2024-11-13 16:09:58.511571,0.2,-8.75
2024-11-13 16:09:58.714541,0.2,-8.75
2024-11-13 16:09:58.918104,3.4,-8.71875
2024-11-13 16:09:59.120351,23.7,-8.53125
2024-11-13 16:09:59.323935,0.8,-8.5625
2024-11-13 16:09:59.530273,0.6,-8.5625
2024-11-13 16:09:59.735409,0.7,-8.5625
2024-11-13 16:09:59.941241,8.5,-8.53125
2024-11-13 16:10:00.147271,36.8,-8.421875
2024-11-13 16:10:00.351125,0.7,-8.453125
2024-11-13 16:10:00.555737,0.4,-8.453125
2024-11-13 16:10:00.761409,0.3,-8.453125
2024-11-13 16:10:00.967160,8.4,-8.421875
2024-11-13 16:10:01.171477,29.7,-8.421875
2024-11-13 16:10:01.377608,0.9,-8.453125
2024-11-13 16:10:01.583596,0.5,-8.453125
2024-11-13 16:10:01.788793,0.2,-8.453125
2024-11-13 16:10:01.995761,8.5,-8.421875
2024-11-13 16:10:02.201732,34.3,-8.40625
2024-11-13 16:10:02.405500,0.8,-8.4375
2024-11-13 16:10:02.609362,0.5,-8.4375
2024-11-13 16:10:02.813352,0.3,-8.4375
2024-11-13 16:10:03.017952,15.3,-8.40625
2024-11-13 16:10:03.223386,15.7,-8.40625
2024-11-13 16:10:03.428380,0.7,-8.4375
2024-11-13 16:10:03.632123,0.5,-8.4375
2024-11-13 16:10:03.835180,0.1,-8.4375
2024-11-13 16:10:04.037824,15.2,-8.40625
2024-11-13 16:10:04.242145,3.0,-8.28125
2024-11-13 16:10:04.448122,0.8,-8.3125
2024-11-13 16:10:04.651882,0.4,-8.3125
2024-11-13 16:10:04.857845,0.3,-8.3125
2024-11-13 16:10:05.063541,27.6,-7.109375
2024-11-13 16:10:05.267734,1.2,-7.109375
2024-11-13 16:10:05.472485,0.8,-7.140625
2024-11-13 16:10:05.678796,0.3,-7.140625
2024-11-13 16:10:05.884718,1.0,-7.125
2024-11-13 16:10:06.090206,41.7,-7.109375
2024-11-13 16:10:06.295200,2.7,-7.109375
2024-11-13 16:10:06.501419,0.8,-7.140625
2024-11-13 16:10:06.707296,0.2,-7.140625
2024-11-13 16:10:06.912780,7.9,-7.109375
2024-11-13 16:10:07.119023,27.3,-7.09375
2024-11-13 16:10:07.324821,3.0,-7.125
2024-11-13 16:10:07.530580,0.7,-7.125
2024-11-13 16:10:07.734898,0.4,-7.125
2024-11-13 16:10:07.938809,7.6,-7.09375
2024-11-13 16:10:08.142924,36.3,-7.0625
2024-11-13 16:10:08.347936,2.7,-7.09375
2024-11-13 16:10:08.553370,0.6,-7.09375
2024-11-13 16:10:08.758897,0.3,-7.09375
2024-11-13 16:10:08.963995,4.0,-7.03125
2024-11-13 16:10:09.166799,18.2,-5.875
2024-11-13 16:10:09.369398,1.2,-5.90625
2024-11-13 16:10:09.573661,0.3,-5.90625
2024-11-13 16:10:09.781963,0.2,-5.90625
2024-11-13 16:10:09.988214,8.2,-5.875
2024-11-13 16:10:10.193463,33.4,-5.78125
2024-11-13 16:10:10.399348,1.1,-5.8125
2024-11-13 16:10:10.605527,0.8,-5.8125
2024-11-13 16:10:10.811513,0.3,-5.8125
2024-11-13 16:10:11.017159,13.3,-5.78125
2024-11-13 16:10:11.222905,32.9,-5.78125
2024-11-13 16:10:11.429473,1.0,-5.8125
2024-11-13 16:10:11.635730,0.7,-5.8125
2024-11-13 16:10:11.841654,0.3,-5.8125
2024-11-13 16:10:12.047569,36.9,-5.78125
2024-11-13 16:10:12.252867,8.1,-5.78125
2024-11-13 16:10:12.457862,0.8,-5.8125
2024-11-13 16:10:12.664304,0.6,-5.8125
2024-11-13 16:10:12.869566,0.3,-5.8125
2024-11-13 16:10:13.074675,28.5,-5.78125
2024-11-13 16:10:13.280209,5.6,-5.78125
2024-11-13 16:10:13.485845,0.9,-5.8125
2024-11-13 16:10:13.691720,0.4,-5.8125
2024-11-13 16:10:13.897504,1.0,-5.78125
2024-11-13 16:10:14.102902,29.7,-5.78125
2024-11-13 16:10:14.307478,2.7,-5.8125
2024-11-13 16:10:14.513127,0.6,-5.8125
2024-11-13 16:10:14.718466,0.5,-5.8125
2024-11-13 16:10:14.921808,2.7,-5.78125
2024-11-13 16:10:15.125176,12.5,-5.78125
2024-11-13 16:10:15.328967,1.2,-5.8125
2024-11-13 16:10:15.534006,0.6,-5.8125
2024-11-13 16:10:15.739687,0.3,-5.8125
2024-11-13 16:10:15.943268,7.6,-5.78125
2024-11-13 16:10:16.148528,27.2,-5.78125
2024-11-13 16:10:16.354304,2.7,-5.8125
2024-11-13 16:10:16.560774,0.8,-5.8125
2024-11-13 16:10:16.766057,0.3,-5.8125
2024-11-13 16:10:16.971338,8.3,-5.78125
2024-11-13 16:10:17.177544,33.6,-5.78125
2024-11-13 16:10:17.383271,3.0,-5.8125
2024-11-13 16:10:17.589556,0.8,-5.8125
2024-11-13 16:10:17.793179,0.3,-5.8125
2024-11-13 16:10:17.995708,6.3,-5.78125
2024-11-13 16:10:18.199084,21.0,-5.78125
2024-11-13 16:10:18.404014,2.5,-5.8125
2024-11-13 16:10:18.608367,0.6,-5.8125
2024-11-13 16:10:18.813108,0.3,-5.8125
2024-11-13 16:10:19.017979,16.0,-5.78125
2024-11-13 16:10:19.223283,25.2,-5.78125
2024-11-13 16:10:19.426719,2.4,-5.8125
2024-11-13 16:10:19.632227,0.6,-5.8125
2024-11-13 16:10:19.836120,0.3,-5.8125
2024-11-13 16:10:20.041519,27.4,-5.78125
2024-11-13 16:10:20.248921,4.6,-5.78125
2024-11-13 16:10:20.452480,1.6,-5.8125
2024-11-13 16:10:20.655838,0.2,-5.8125
2024-11-13 16:10:20.859000,0.1,-5.8125
2024-11-13 16:10:21.061716,37.1,-5.765625
2024-11-13 16:10:21.265323,2.7,-5.765625
2024-11-13 16:10:21.470594,1.1,-5.796875
2024-11-13 16:10:21.676054,0.6,-5.796875
2024-11-13 16:10:21.884960,0.3,-5.796875
2024-11-13 16:10:22.090151,61.5,-4.34375
2024-11-13 16:10:22.292320,3.8,-4.34375
2024-11-13 16:10:22.498364,1.0,-4.375
2024-11-13 16:10:22.702591,0.2,-4.375
2024-11-13 16:10:22.907740,5.3,-4.34375
2024-11-13 16:10:23.113501,30.0,-4.34375
2024-11-13 16:10:23.316956,2.3,-4.34375
2024-11-13 16:10:23.520462,0.8,-4.375
2024-11-13 16:10:23.725224,0.7,-4.375
2024-11-13 16:10:23.928610,7.5,-4.34375
2024-11-13 16:10:24.132640,30.8,-4.34375
2024-11-13 16:10:24.337223,2.6,-4.375
2024-11-13 16:10:24.542282,0.5,-4.375
2024-11-13 16:10:24.747761,0.3,-4.375
2024-11-13 16:10:24.953196,7.4,-4.34375
2024-11-13 16:10:25.158190,22.9,-4.34375
2024-11-13 16:10:25.360657,1.7,-4.375
2024-11-13 16:10:25.566248,0.6,-4.375
2024-11-13 16:10:25.770976,0.2,-4.375
2024-11-13 16:10:25.975941,2.9,-4.34375
2024-11-13 16:10:26.179263,17.0,-4.34375
2024-11-13 16:10:26.381372,1.0,-4.359375
2024-11-13 16:10:26.585214,0.5,-4.359375
2024-11-13 16:10:26.790988,0.2,-4.359375
2024-11-13 16:10:26.995580,8.4,-4.328125
2024-11-13 16:10:27.201345,48.1,-4.28125
2024-11-13 16:10:27.407585,2.7,-4.3125
2024-11-13 16:10:27.613201,0.6,-4.3125
2024-11-13 16:10:27.819384,0.3,-4.3125
2024-11-13 16:10:28.023917,21.3,-4.28125
2024-11-13 16:10:28.229470,24.7,-4.28125
2024-11-13 16:10:28.435622,2.7,-4.3125
2024-11-13 16:10:28.640428,0.2,-4.3125
2024-11-13 16:10:28.843762,0.1,-4.3125
2024-11-13 16:10:29.047011,15.8,-4.28125
2024-11-13 16:10:29.249325,0.4,-4.28125
2024-11-13 16:10:29.452310,1.0,-4.3125
2024-11-13 16:10:29.657763,0.5,-4.3125
2024-11-13 16:10:29.863256,0.3,-4.3125
2024-11-13 16:10:30.075932,46.5,-4.140625
2024-11-13 16:10:30.281993,6.6,-4.140625
2024-11-13 16:10:30.485079,2.2,-4.15625
2024-11-13 16:10:30.688800,0.2,-4.15625
2024-11-13 16:10:30.892893,0.9,-4.140625
2024-11-13 16:10:31.096822,41.6,-3.703125
2024-11-13 16:10:31.300696,0.6,-3.703125
2024-11-13 16:10:31.504627,2.2,-3.734375
2024-11-13 16:10:31.708005,0.1,-3.734375
2024-11-13 16:10:31.910625,3.7,-3.703125
2024-11-13 16:10:32.113455,34.5,-2.90625
2024-11-13 16:10:32.319613,1.1,-2.9375
2024-11-13 16:10:32.524337,2.4,-2.75
2024-11-13 16:10:32.728658,0.3,-2.75
2024-11-13 16:10:32.934241,8.5,-2.71875
2024-11-13 16:10:33.140876,83.7,0.96875
2024-11-13 16:10:33.345455,2.6,1.078125
2024-11-13 16:10:33.550884,0.5,1.078125
2024-11-13 16:10:33.755263,0.3,1.078125
2024-11-13 16:10:33.959147,7.5,1.125
2024-11-13 16:10:34.164559,70.6,3.671875
2024-11-13 16:10:34.367928,2.4,3.640625
2024-11-13 16:10:34.570611,0.5,3.640625
2024-11-13 16:10:34.779616,0.3,3.640625
2024-11-13 16:10:34.984697,7.6,3.671875
2024-11-13 16:10:35.189767,24.3,5.328125
2024-11-13 16:10:35.393834,1.1,5.296875
2024-11-13 16:10:35.597823,0.7,5.296875
2024-11-13 16:10:35.802281,0.2,5.296875
2024-11-13 16:10:36.005959,8.2,5.46875
2024-11-13 16:10:36.211247,20.8,5.515625
2024-11-13 16:10:36.417574,2.2,5.484375
2024-11-13 16:10:36.621501,0.6,5.484375
2024-11-13 16:10:36.826919,0.2,5.484375
2024-11-13 16:10:37.031936,19.0,5.515625
2024-11-13 16:10:37.235292,2.1,5.53125
2024-11-13 16:10:37.437908,1.2,5.5
2024-11-13 16:10:37.642479,0.4,5.5
2024-11-13 16:10:37.847224,0.4,5.5
2024-11-13 16:10:38.051270,31.9,5.53125
2024-11-13 16:10:38.254321,0.8,5.53125
2024-11-13 16:10:38.459789,1.8,5.5
2024-11-13 16:10:38.663521,0.6,5.5
2024-11-13 16:10:38.868929,0.2,5.5
2024-11-13 16:10:39.075201,34.2,5.53125
2024-11-13 16:10:39.280303,0.7,5.53125
2024-11-13 16:10:39.485690,2.0,5.5
2024-11-13 16:10:39.692272,0.6,5.5
2024-11-13 16:10:39.897815,2.6,5.53125
2024-11-13 16:10:40.102758,29.1,5.546875
2024-11-13 16:10:40.306663,0.9,5.515625
2024-11-13 16:10:40.510540,1.7,5.515625
2024-11-13 16:10:40.716003,0.4,5.515625
2024-11-13 16:10:40.921082,7.6,5.546875
2024-11-13 16:10:41.125969,23.0,5.5625
2024-11-13 16:10:41.329405,1.0,5.53125
2024-11-13 16:10:41.534908,2.0,5.53125
2024-11-13 16:10:41.740641,0.3,5.53125
2024-11-13 16:10:41.944455,7.6,5.5625
2024-11-13 16:10:42.149458,22.6,5.5625
2024-11-13 16:10:42.353835,0.9,5.53125
2024-11-13 16:10:42.557657,1.9,5.421875
2024-11-13 16:10:42.760716,0.2,5.421875
2024-11-13 16:10:42.964747,3.7,5.453125
2024-11-13 16:10:43.169044,19.5,5.46875
2024-11-13 16:10:43.374628,0.7,5.4375
2024-11-13 16:10:43.580490,2.3,5.4375
2024-11-13 16:10:43.785806,0.3,5.4375
2024-11-13 16:10:43.991501,8.4,5.46875
2024-11-13 16:10:44.196718,26.9,5.46875
2024-11-13 16:10:44.401798,0.8,5.4375
2024-11-13 16:10:44.607134,2.2,5.4375
2024-11-13 16:10:44.812642,0.3,5.4375
2024-11-13 16:10:45.017944,13.7,5.46875
2024-11-13 16:10:45.222636,16.6,5.46875
2024-11-13 16:10:45.424809,2.2,5.4375
2024-11-13 16:10:45.628768,0.6,5.4375
2024-11-13 16:10:45.834564,0.2,5.4375
2024-11-13 16:10:46.040366,48.9,5.578125
2024-11-13 16:10:46.245626,7.3,5.640625
2024-11-13 16:10:46.450841,2.4,5.671875
2024-11-13 16:10:46.656844,0.7,5.796875
2024-11-13 16:10:46.862752,0.3,5.796875
2024-11-13 16:10:47.067593,32.1,5.875
2024-11-13 16:10:47.271267,0.5,5.875
2024-11-13 16:10:47.475528,1.5,5.90625
2024-11-13 16:10:47.680626,0.6,5.90625
2024-11-13 16:10:47.886880,1.0,5.921875
2024-11-13 16:10:48.092667,33.1,5.953125
2024-11-13 16:10:48.294636,0.5,5.953125
2024-11-13 16:10:48.498766,1.5,5.984375
2024-11-13 16:10:48.702716,0.3,5.984375
2024-11-13 16:10:48.908004,6.8,6.015625
2024-11-13 16:10:49.112502,32.5,6.078125
2024-11-13 16:10:49.316415,0.5,6.078125
2024-11-13 16:10:49.519891,2.3,6.046875
2024-11-13 16:10:49.725103,0.5,6.046875
2024-11-13 16:10:49.930798,8.0,6.078125
2024-11-13 16:10:50.135288,25.0,6.078125
2024-11-13 16:10:50.341442,0.9,6.046875
2024-11-13 16:10:50.545836,2.1,6.046875
2024-11-13 16:10:50.750978,0.5,6.046875
2024-11-13 16:10:50.956980,8.2,6.078125
2024-11-13 16:10:51.163845,21.1,6.078125
2024-11-13 16:10:51.369440,0.8,6.046875
2024-11-13 16:10:51.576966,2.2,6.046875
2024-11-13 16:10:51.782216,0.2,6.046875
2024-11-13 16:10:51.987504,8.4,6.078125
2024-11-13 16:10:52.193655,28.2,6.125
2024-11-13 16:10:52.399129,0.7,6.09375
2024-11-13 16:10:52.604200,2.3,6.15625
2024-11-13 16:10:52.808777,0.2,6.15625
2024-11-13 16:10:53.013665,14.0,6.1875
2024-11-13 16:10:53.218042,20.4,6.1875
2024-11-13 16:10:53.423798,0.6,6.15625
2024-11-13 16:10:53.629631,2.5,6.21875
2024-11-13 16:10:53.834105,0.2,6.21875
2024-11-13 16:10:54.038385,21.0,6.25
2024-11-13 16:10:54.241873,0.5,6.25
2024-11-13 16:10:54.446554,0.5,6.21875
2024-11-13 16:10:54.651993,6.1,6.234375
2024-11-13 16:10:54.858046,0.2,6.234375
2024-11-13 16:10:55.063477,33.7,6.265625
2024-11-13 16:10:55.266755,4.1,6.265625
2024-11-13 16:10:55.470962,0.5,6.234375
2024-11-13 16:10:55.678234,2.4,6.234375
2024-11-13 16:10:55.884058,0.3,6.234375
2024-11-13 16:10:56.090269,30.0,6.265625
2024-11-13 16:10:56.295916,0.6,6.265625
2024-11-13 16:10:56.503165,0.8,6.234375
2024-11-13 16:10:56.708326,1.8,6.234375
2024-11-13 16:10:56.913806,5.2,6.265625
2024-11-13 16:10:57.119300,20.8,6.265625
2024-11-13 16:10:57.325444,0.8,6.234375
2024-11-13 16:10:57.530694,1.9,6.234375
2024-11-13 16:10:57.735315,0.5,6.25
2024-11-13 16:10:57.940901,7.9,6.28125
2024-11-13 16:10:58.147115,27.6,6.28125
2024-11-13 16:10:58.352383,0.7,6.25
2024-11-13 16:10:58.556355,0.7,6.25
2024-11-13 16:10:58.759857,0.2,6.25
2024-11-13 16:10:58.962386,2.6,6.28125
2024-11-13 16:10:59.165827,20.4,6.296875
2024-11-13 16:10:59.368218,0.5,6.265625
2024-11-13 16:10:59.572315,1.4,6.265625
2024-11-13 16:10:59.776875,0.1,6.265625
2024-11-13 16:10:59.980420,8.3,6.296875
2024-11-13 16:11:00.185381,27.2,6.296875
2024-11-13 16:11:00.390717,0.8,6.265625
2024-11-13 16:11:00.594152,1.2,6.265625
2024-11-13 16:11:00.796803,0.3,6.265625
2024-11-13 16:11:01.002286,8.2,6.296875
2024-11-13 16:11:01.207639,27.8,6.296875
2024-11-13 16:11:01.412526,0.8,6.265625
2024-11-13 16:11:01.617793,1.9,6.265625
2024-11-13 16:11:01.822449,0.3,6.265625
2024-11-13 16:11:02.027975,19.8,6.296875
2024-11-13 16:11:02.233525,12.5,6.296875
2024-11-13 16:11:02.438818,0.6,6.265625
2024-11-13 16:11:02.642382,1.3,6.265625
2024-11-13 16:11:02.846628,0.3,6.265625
2024-11-13 16:11:03.050918,19.8,6.296875
2024-11-13 16:11:03.254006,0.6,6.296875
2024-11-13 16:11:03.458242,0.6,6.265625
2024-11-13 16:11:03.662816,2.2,6.265625
2024-11-13 16:11:03.868121,0.3,6.265625
2024-11-13 16:11:04.073122,24.3,6.296875
2024-11-13 16:11:04.279297,3.3,6.296875
2024-11-13 16:11:04.484316,0.6,6.265625
2024-11-13 16:11:04.689013,2.1,6.265625
2024-11-13 16:11:04.896598,1.4,6.296875
2024-11-13 16:11:05.100421,33.4,6.296875
2024-11-13 16:11:05.305338,0.5,6.296875
2024-11-13 16:11:05.510285,0.5,6.265625
2024-11-13 16:11:05.716898,2.3,6.265625
2024-11-13 16:11:05.921735,7.4,6.296875
2024-11-13 16:11:06.127685,21.6,6.296875
2024-11-13 16:11:06.332352,1.0,6.265625
2024-11-13 16:11:06.538821,0.3,6.265625
2024-11-13 16:11:06.743259,2.5,6.265625
2024-11-13 16:11:06.951325,8.2,6.296875
2024-11-13 16:11:07.157274,26.4,6.296875
2024-11-13 16:11:07.363142,0.8,6.265625
2024-11-13 16:11:07.570041,0.3,6.265625
2024-11-13 16:11:07.774816,2.0,6.265625
2024-11-13 16:11:07.980836,8.0,6.296875
2024-11-13 16:11:08.187306,45.6,6.3125
2024-11-13 16:11:08.393951,0.9,6.28125
2024-11-13 16:11:08.599104,2.1,6.28125
2024-11-13 16:11:08.804101,0.3,6.28125
2024-11-13 16:11:09.008063,11.6,6.3125
2024-11-13 16:11:09.213567,16.9,6.3125
2024-11-13 16:11:09.419811,0.6,6.28125
2024-11-13 16:11:09.625780,2.4,6.28125
2024-11-13 16:11:09.830958,0.3,6.28125
2024-11-13 16:11:10.037001,22.9,6.3125
2024-11-13 16:11:10.242985,15.0,6.3125
2024-11-13 16:11:10.448943,0.5,6.28125
2024-11-13 16:11:10.653291,1.3,6.28125
2024-11-13 16:11:10.857743,0.2,6.28125
2024-11-13 16:11:11.062628,27.5,6.3125
2024-11-13 16:11:11.268231,0.5,6.3125
2024-11-13 16:11:11.474804,0.6,6.28125
2024-11-13 16:11:11.680968,2.4,6.28125
2024-11-13 16:11:11.885736,0.2,6.28125
2024-11-13 16:11:12.092028,41.1,6.3125
2024-11-13 16:11:12.298048,0.6,6.3125
2024-11-13 16:11:12.504430,0.6,6.28125
2024-11-13 16:11:12.710795,1.3,6.28125
2024-11-13 16:11:12.916420,8.1,6.3125
2024-11-13 16:11:13.121764,27.4,6.3125
2024-11-13 16:11:13.327425,1.0,6.28125
2024-11-13 16:11:13.533867,0.3,6.28125
2024-11-13 16:11:13.740000,2.2,6.28125
2024-11-13 16:11:13.948006,7.3,6.3125
2024-11-13 16:11:14.153502,23.8,6.3125
2024-11-13 16:11:14.358765,0.8,6.28125
2024-11-13 16:11:14.564652,0.3,6.28125
2024-11-13 16:11:14.770960,2.4,6.28125
2024-11-13 16:11:14.976609,8.0,6.3125
2024-11-13 16:11:15.182546,36.6,6.3125
2024-11-13 16:11:15.387272,0.7,6.28125
2024-11-13 16:11:15.592300,0.3,6.28125
2024-11-13 16:11:15.796208,2.1,-0.046875
2024-11-13 16:11:15.999110,3.1,-1.515625
2024-11-13 16:11:16.202668,14.5,-1.515625
2024-11-13 16:11:16.406408,0.4,-1.546875
2024-11-13 16:11:16.611252,0.3,-1.546875
2024-11-13 16:11:16.817162,2.1,-1.546875
2024-11-13 16:11:17.025120,4.1,-1.515625
2024-11-13 16:11:17.230321,19.8,-1.515625
2024-11-13 16:11:17.435043,0.8,-1.546875
2024-11-13 16:11:17.640943,0.6,-1.546875
2024-11-13 16:11:17.844767,1.8,-1.546875
2024-11-13 16:11:18.048109,26.5,-1.515625
2024-11-13 16:11:18.251869,1.8,-1.515625
2024-11-13 16:11:18.458155,0.7,-1.546875
2024-11-13 16:11:18.664327,0.6,-1.546875
2024-11-13 16:11:18.869657,2.1,-1.546875
2024-11-13 16:11:19.073777,25.4,-1.515625
2024-11-13 16:11:19.279134,9.8,-1.515625
2024-11-13 16:11:19.486521,0.6,-1.546875
2024-11-13 16:11:19.690979,2.2,-1.546875
2024-11-13 16:11:19.896181,0.9,-1.53125
2024-11-13 16:11:20.101802,30.8,-1.515625
2024-11-13 16:11:20.306421,0.8,-1.515625
2024-11-13 16:11:20.510717,0.5,-1.546875
2024-11-13 16:11:20.715720,2.3,-1.546875
2024-11-13 16:11:20.922037,7.7,-1.515625
2024-11-13 16:11:21.127574,25.8,-1.515625
2024-11-13 16:11:21.333318,1.0,-1.546875
2024-11-13 16:11:21.537940,0.3,-1.546875
2024-11-13 16:11:21.740204,0.9,-1.546875
2024-11-13 16:11:21.943369,2.8,-1.515625
2024-11-13 16:11:22.147121,17.3,-1.515625
2024-11-13 16:11:22.352439,0.9,-1.546875
2024-11-13 16:11:22.557424,0.2,-1.546875
2024-11-13 16:11:22.769768,1.1,-1.546875
2024-11-13 16:11:22.975375,7.7,-1.515625
2024-11-13 16:11:23.180355,151.4,-0.9375
2024-11-13 16:11:23.385116,75.5,-0.9375
2024-11-13 16:11:23.590583,55.7,-0.96875
2024-11-13 16:11:23.795761,44.9,-0.96875
2024-11-13 16:11:24.000182,54.2,-0.9375
2024-11-13 16:11:24.205795,26.2,0.578125
2024-11-13 16:11:24.410050,1.0,0.515625
2024-11-13 16:11:24.615595,0.3,0.515625
2024-11-13 16:11:24.820662,2.2,0.515625
2024-11-13 16:11:25.023746,16.8,0.546875
2024-11-13 16:11:25.227377,17.1,0.546875
2024-11-13 16:11:25.431324,0.5,0.515625
2024-11-13 16:11:25.638249,0.3,0.515625
2024-11-13 16:11:25.843968,2.1,0.515625
2024-11-13 16:11:26.048599,30.9,0.546875
2024-11-13 16:11:26.252419,5.2,0.546875
2024-11-13 16:11:26.459147,0.7,0.515625
2024-11-13 16:11:26.664806,0.7,0.515625
2024-11-13 16:11:26.869903,1.8,0.515625
2024-11-13 16:11:27.074938,19.5,0.546875
2024-11-13 16:11:27.277997,0.4,0.546875
2024-11-13 16:11:27.481511,0.2,0.515625
2024-11-13 16:11:27.685423,0.4,0.515625
2024-11-13 16:11:27.890997,2.4,0.53125
2024-11-13 16:11:28.096259,28.3,0.546875
2024-11-13 16:11:28.301509,3.6,0.5625
2024-11-13 16:11:28.506254,0.2,0.515625
2024-11-13 16:11:28.707903,0.2,0.515625
2024-11-13 16:11:28.911529,3.5,0.546875
2024-11-13 16:11:29.115047,12.1,0.546875
2024-11-13 16:11:29.318160,0.6,0.515625
2024-11-13 16:11:29.523146,0.3,0.515625
2024-11-13 16:11:29.729331,0.8,0.515625
2024-11-13 16:11:29.934321,9.0,0.546875
2024-11-13 16:11:30.139970,22.1,0.546875
2024-11-13 16:11:30.346267,0.8,0.515625
2024-11-13 16:11:30.550759,0.1,0.515625
2024-11-13 16:11:30.754039,0.6,0.515625
2024-11-13 16:11:30.957745,9.5,0.546875
2024-11-13 16:11:31.163410,28.0,0.546875
2024-11-13 16:11:31.369286,0.9,0.515625
2024-11-13 16:11:31.572876,0.2,0.515625
2024-11-13 16:11:31.777551,0.8,0.515625
2024-11-13 16:11:31.981207,6.1,0.546875
2024-11-13 16:11:32.187392,24.6,0.546875
2024-11-13 16:11:32.391910,0.8,0.515625
2024-11-13 16:11:32.594845,0.2,-0.046875
2024-11-13 16:11:32.796428,0.3,-0.078125
2024-11-13 16:11:32.999875,3.6,-0.046875
2024-11-13 16:11:33.203621,12.2,-0.046875
2024-11-13 16:11:33.408648,0.7,-0.078125
2024-11-13 16:11:33.613644,0.5,-0.078125
2024-11-13 16:11:33.818029,0.5,-2.53125
2024-11-13 16:11:34.021217,26.0,-2.421875
2024-11-13 16:11:34.226055,17.2,-2.390625
2024-11-13 16:11:34.429485,0.4,-2.453125
2024-11-13 16:11:34.631934,0.2,-2.453125
2024-11-13 16:11:34.835964,0.4,-2.640625
2024-11-13 16:11:35.041159,28.1,-2.703125
2024-11-13 16:11:35.243711,5.6,-2.96875
2024-11-13 16:11:35.447442,0.4,-3.0
2024-11-13 16:11:35.650079,0.3,-3.0
2024-11-13 16:11:35.854110,0.6,-3.0
2024-11-13 16:11:36.057859,29.5,-2.96875
2024-11-13 16:11:36.263438,0.8,-2.96875
2024-11-13 16:11:36.467937,0.6,-3.0
2024-11-13 16:11:36.672821,0.5,-3.0
2024-11-13 16:11:36.878987,1.4,-6.421875
2024-11-13 16:11:37.082208,43.2,-6.359375
2024-11-13 16:11:37.286649,4.2,-6.34375
2024-11-13 16:11:37.495074,0.6,-6.375
2024-11-13 16:11:37.700396,0.6,-6.375
2024-11-13 16:11:37.904014,3.5,-6.34375
2024-11-13 16:11:38.107247,18.5,-6.3125
2024-11-13 16:11:38.309125,0.5,-6.34375
2024-11-13 16:11:38.512375,0.1,-6.34375
2024-11-13 16:11:38.713960,0.3,-6.34375
2024-11-13 16:11:38.918027,8.8,-6.3125
2024-11-13 16:11:39.123480,21.8,-6.3125
2024-11-13 16:11:39.328833,0.9,-6.34375
2024-11-13 16:11:39.532395,0.2,-6.34375
2024-11-13 16:11:39.737755,0.6,-6.34375
2024-11-13 16:11:39.942069,8.9,-6.296875
2024-11-13 16:11:40.147412,24.5,-6.265625
2024-11-13 16:11:40.352024,0.9,-6.296875
2024-11-13 16:11:40.556404,0.3,-6.296875
2024-11-13 16:11:40.761952,0.7,-6.296875
2024-11-13 16:11:40.967443,9.2,-6.265625
2024-11-13 16:11:41.171972,27.1,-6.265625
2024-11-13 16:11:41.378147,0.7,-6.296875
2024-11-13 16:11:41.583173,0.2,-6.296875
2024-11-13 16:11:41.792492,0.5,-6.296875
2024-11-13 16:11:41.997998,9.2,-6.234375
2024-11-13 16:11:42.204345,28.0,-6.21875
2024-11-13 16:11:42.410323,0.6,-6.25
2024-11-13 16:11:42.614297,0.3,-6.25
2024-11-13 16:11:42.819603,0.3,-6.25
2024-11-13 16:11:43.024162,18.2,-6.21875
2024-11-13 16:11:43.229144,19.3,-6.21875
2024-11-13 16:11:43.435061,0.6,-6.25
2024-11-13 16:11:43.640629,0.5,-6.25
2024-11-13 16:11:43.844767,0.3,-6.25
2024-11-13 16:11:44.048329,22.0,-6.203125
2024-11-13 16:11:44.252202,0.5,-6.203125
2024-11-13 16:11:44.457136,0.5,-6.234375
2024-11-13 16:11:44.661086,0.4,-6.234375
2024-11-13 16:11:44.867036,0.5,-6.234375
2024-11-13 16:11:45.072567,31.1,-6.203125
2024-11-13 16:11:45.278754,0.7,-6.203125
2024-11-13 16:11:45.481421,0.4,-6.234375
2024-11-13 16:11:45.687746,0.4,-6.234375
2024-11-13 16:11:45.893849,1.1,-6.21875
2024-11-13 16:11:46.100240,33.4,-6.203125
2024-11-13 16:11:46.306582,4.1,-6.234375
2024-11-13 16:11:46.512116,0.2,-6.234375
2024-11-13 16:11:46.719015,0.6,-6.234375
2024-11-13 16:11:46.924472,8.5,-6.203125
2024-11-13 16:11:47.128365,28.0,-6.203125
2024-11-13 16:11:47.333734,0.8,-6.234375
2024-11-13 16:11:47.539377,0.1,-6.234375
2024-11-13 16:11:47.744344,0.5,-6.234375
2024-11-13 16:11:47.947677,9.3,-6.203125
2024-11-13 16:11:48.153050,23.0,-6.203125
2024-11-13 16:11:48.359432,0.8,-6.234375
2024-11-13 16:11:48.565989,0.2,-6.234375
2024-11-13 16:11:48.770994,0.7,-6.234375
2024-11-13 16:11:48.973435,4.4,-6.203125
2024-11-13 16:11:49.178584,29.7,-6.140625
2024-11-13 16:11:49.381322,0.6,-6.171875
2024-11-13 16:11:49.584146,0.2,-6.171875
2024-11-13 16:11:49.788411,0.3,-6.171875
2024-11-13 16:11:49.993399,9.5,-6.140625
2024-11-13 16:11:50.198792,22.5,-6.125
2024-11-13 16:11:50.405195,0.6,-6.15625
2024-11-13 16:11:50.608852,0.2,-6.15625
2024-11-13 16:11:50.815275,0.5,-6.15625
2024-11-13 16:11:51.021378,17.2,-6.109375
2024-11-13 16:11:51.225120,15.7,-6.109375
2024-11-13 16:11:51.430714,0.8,-6.140625
2024-11-13 16:11:51.636135,0.4,-6.140625
2024-11-13 16:11:51.842005,0.5,-6.140625
2024-11-13 16:11:52.047867,31.5,-6.109375
2024-11-13 16:11:52.253401,9.2,-6.109375
2024-11-13 16:11:52.459126,0.6,-6.140625
2024-11-13 16:11:52.664243,0.3,-6.140625
2024-11-13 16:11:52.868849,0.3,-6.140625
2024-11-13 16:11:53.073327,33.6,-6.109375
2024-11-13 16:11:53.278836,0.7,-6.109375
2024-11-13 16:11:53.485054,0.5,-6.140625
2024-11-13 16:11:53.691158,0.3,-6.140625
2024-11-13 16:11:53.896871,1.7,-6.109375
2024-11-13 16:11:54.101192,32.3,-6.09375
2024-11-13 16:11:54.307114,0.5,-6.09375
2024-11-13 16:11:54.511632,0.5,-6.125
2024-11-13 16:11:54.715635,0.3,-6.125
2024-11-13 16:11:54.922941,3.9,-6.09375
2024-11-13 16:11:55.125997,18.2,-6.09375
2024-11-13 16:11:55.328372,0.6,-6.125
2024-11-13 16:11:55.532067,0.2,-6.125
2024-11-13 16:11:55.736400,0.3,-6.125
2024-11-13 16:11:55.940237,8.5,-6.09375
2024-11-13 16:11:56.145610,29.3,-6.09375
2024-11-13 16:11:56.352035,0.8,-6.125
2024-11-13 16:11:56.557605,0.2,-6.125
2024-11-13 16:11:56.761634,0.5,-6.125
2024-11-13 16:11:56.967009,5.0,-6.09375
2024-11-13 16:11:57.173380,27.5,-6.0625
2024-11-13 16:11:57.378900,0.8,-6.09375
2024-11-13 16:11:57.584743,0.3,-6.09375
2024-11-13 16:11:57.790987,0.5,-6.09375
2024-11-13 16:11:57.997762,8.4,-6.0625
2024-11-13 16:11:58.204115,30.6,-6.0625
2024-11-13 16:11:58.410489,0.8,-6.09375
2024-11-13 16:11:58.616215,0.2,-6.09375
2024-11-13 16:11:58.818415,0.2,-6.09375
2024-11-13 16:11:59.021413,14.3,-6.0625
2024-11-13 16:11:59.224417,1.1,-6.0625
2024-11-13 16:11:59.427924,0.3,-6.09375
2024-11-13 16:11:59.632805,0.2,-6.09375
2024-11-13 16:11:59.839018,0.6,-6.09375
2024-11-13 16:12:00.048167,22.4,-6.0625
2024-11-13 16:12:00.251854,12.4,-6.0625
2024-11-13 16:12:00.457719,0.7,-6.09375
2024-11-13 16:12:00.661890,0.3,-6.09375
2024-11-13 16:12:00.865201,0.2,-6.09375
2024-11-13 16:12:01.068354,28.7,-6.0625
2024-11-13 16:12:01.273660,4.4,-6.0625
2024-11-13 16:12:01.479807,0.6,-6.09375
2024-11-13 16:12:01.685643,0.4,-6.09375
2024-11-13 16:12:01.889719,1.2,-6.078125
2024-11-13 16:12:02.095809,42.5,-6.0625
2024-11-13 16:12:02.301689,0.5,-6.0625
2024-11-13 16:12:02.507372,0.4,-6.09375
2024-11-13 16:12:02.712425,0.3,-6.09375
2024-11-13 16:12:02.917361,8.6,-6.0625
2024-11-13 16:12:03.122901,27.7,-6.0625
2024-11-13 16:12:03.326683,0.7,-6.0625
2024-11-13 16:12:03.532597,0.5,-6.09375
2024-11-13 16:12:03.737867,0.5,-6.09375
2024-11-13 16:12:03.942927,3.9,-6.0625
2024-11-13 16:12:04.147707,30.8,-6.0625
2024-11-13 16:12:04.353969,0.8,-6.09375
2024-11-13 16:12:04.559700,0.2,-6.09375
2024-11-13 16:12:04.765919,0.8,-6.09375
2024-11-13 16:12:04.972026,8.2,-6.0625
2024-11-13 16:12:05.176804,24.1,-6.0625
2024-11-13 16:12:05.382270,0.5,-6.09375
2024-11-13 16:12:05.587657,0.3,-6.09375
2024-11-13 16:12:05.791876,0.5,-6.09375
2024-11-13 16:12:05.996181,7.7,-6.0625
2024-11-13 16:12:06.200336,22.4,-6.0625
2024-11-13 16:12:06.403480,0.4,-6.09375
2024-11-13 16:12:06.608289,0.3,-6.09375
2024-11-13 16:12:06.813112,0.5,-6.09375
2024-11-13 16:12:07.020920,15.0,-6.0625
2024-11-13 16:12:07.226889,22.6,-6.0625
2024-11-13 16:12:07.433091,0.6,-6.09375
2024-11-13 16:12:07.638990,0.3,-6.09375
2024-11-13 16:12:07.844789,0.6,-6.09375
2024-11-13 16:12:08.050744,30.7,-6.0625
2024-11-13 16:12:08.254722,5.6,-6.0625
2024-11-13 16:12:08.460614,0.5,-6.09375
2024-11-13 16:12:08.665580,0.2,-6.09375
2024-11-13 16:12:08.870072,0.6,-6.09375
2024-11-13 16:12:09.076005,30.1,-6.0625
2024-11-13 16:12:09.281672,2.4,-6.0625
2024-11-13 16:12:09.487816,0.6,-6.09375
2024-11-13 16:12:09.692535,0.4,-6.09375
2024-11-13 16:12:09.898458,1.7,-6.0625
2024-11-13 16:12:10.105099,38.5,-6.0625
2024-11-13 16:12:10.310900,4.2,-6.0625
2024-11-13 16:12:10.516716,0.5,-6.09375
2024-11-13 16:12:10.721684,0.4,-6.09375
2024-11-13 16:12:10.927599,8.5,-6.0625
2024-11-13 16:12:11.132594,25.9,-6.0625
2024-11-13 16:12:11.338353,0.8,-6.09375
2024-11-13 16:12:11.543159,0.2,-6.09375
2024-11-13 16:12:11.747305,0.3,-6.09375
2024-11-13 16:12:11.950266,3.7,-6.0625
2024-11-13 16:12:12.153605,24.4,-6.0625
2024-11-13 16:12:12.358380,0.7,-6.09375
2024-11-13 16:12:12.562387,0.1,-6.09375
2024-11-13 16:12:12.766549,0.2,-6.09375
2024-11-13 16:12:12.972090,8.2,-6.0625
2024-11-13 16:12:13.180519,26.6,-6.0625
2024-11-13 16:12:13.383889,0.6,-6.09375
2024-11-13 16:12:13.589629,0.3,-6.09375
2024-11-13 16:12:13.793395,0.6,-6.09375
2024-11-13 16:12:13.996906,8.4,-6.0625
2024-11-13 16:12:14.202822,27.4,-6.0625
2024-11-13 16:12:14.408951,0.7,-6.09375
2024-11-13 16:12:14.615239,0.3,-6.09375
2024-11-13 16:12:14.821127,0.5,-6.09375
2024-11-13 16:12:15.025981,16.5,-6.0625
2024-11-13 16:12:15.230625,18.5,-6.0
2024-11-13 16:12:15.435413,0.4,-6.03125
2024-11-13 16:12:15.639757,0.3,-6.03125
2024-11-13 16:12:15.845436,0.6,-6.03125
2024-11-13 16:12:16.049989,36.2,-6.0
2024-11-13 16:12:16.255165,12.5,-5.8125
2024-11-13 16:12:16.460948,0.7,-5.84375
2024-11-13 16:12:16.668420,0.3,-5.84375
2024-11-13 16:12:16.874395,0.6,-5.84375
2024-11-13 16:12:17.079811,30.2,-5.8125
2024-11-13 16:12:17.283448,1.6,-5.8125
2024-11-13 16:12:17.487008,0.3,-5.84375
2024-11-13 16:12:17.691531,0.3,-5.84375
2024-11-13 16:12:17.896891,1.3,-5.8125
2024-11-13 16:12:18.102175,40.7,-5.8125
2024-11-13 16:12:18.306596,2.6,-5.75
2024-11-13 16:12:18.512695,0.5,-5.78125
2024-11-13 16:12:18.720573,0.4,-5.78125
2024-11-13 16:12:18.925164,8.5,-5.75
2024-11-13 16:12:19.129961,32.1,-5.6875
2024-11-13 16:12:19.333584,2.0,-5.71875
2024-11-13 16:12:19.538507,0.3,-5.71875
2024-11-13 16:12:19.743279,0.4,-5.71875
2024-11-13 16:12:19.949290,8.3,-5.6875
2024-11-13 16:12:20.154290,27.9,-5.6875
2024-11-13 16:12:20.359764,2.6,-5.703125
2024-11-13 16:12:20.565162,0.2,-5.703125
2024-11-13 16:12:20.771013,0.3,-5.703125
2024-11-13 16:12:20.976432,8.4,-5.671875
2024-11-13 16:12:21.182913,34.6,-5.671875
2024-11-13 16:12:21.389107,2.8,-5.640625
2024-11-13 16:12:21.599421,0.5,-5.640625
2024-11-13 16:12:21.804781,0.6,-5.640625
2024-11-13 16:12:22.010851,14.3,-5.609375
2024-11-13 16:12:22.214614,33.0,-5.609375
2024-11-13 16:12:22.420724,1.2,-5.640625
2024-11-13 16:12:22.626101,0.3,-5.640625
2024-11-13 16:12:22.829470,0.3,-5.640625
2024-11-13 16:12:23.032370,19.8,-5.609375
2024-11-13 16:12:23.236169,6.6,-5.609375
2024-11-13 16:12:23.440959,0.6,-5.640625
2024-11-13 16:12:23.645350,0.3,-5.640625
2024-11-13 16:12:23.851579,0.7,-5.640625
2024-11-13 16:12:24.057378,49.0,-5.5
2024-11-13 16:12:24.262917,26.1,-5.5
2024-11-13 16:12:24.468924,0.6,-5.53125
2024-11-13 16:12:24.674240,0.3,-5.53125
2024-11-13 16:12:24.877518,0.6,-5.53125
2024-11-13 16:12:25.081957,40.2,-5.5
2024-11-13 16:12:25.287381,7.5,-5.5
2024-11-13 16:12:25.491951,0.3,-5.53125
2024-11-13 16:12:25.697723,0.4,-5.53125
2024-11-13 16:12:25.902926,3.7,-5.5
2024-11-13 16:12:26.108987,39.6,-5.5
2024-11-13 16:12:26.314456,2.4,-5.5
2024-11-13 16:12:26.520122,0.5,-5.53125
2024-11-13 16:12:26.724868,0.3,-5.53125
2024-11-13 16:12:26.931216,8.4,-5.5
2024-11-13 16:12:27.137439,26.1,-5.5
2024-11-13 16:12:27.343164,2.6,-5.53125
2024-11-13 16:12:27.549415,0.2,-5.53125
2024-11-13 16:12:27.755405,0.4,-5.53125
2024-11-13 16:12:27.960895,8.4,-5.5
2024-11-13 16:12:28.165739,47.7,-4.328125
2024-11-13 16:12:28.370976,5.8,-4.359375
2024-11-13 16:12:28.575026,0.1,-4.359375
2024-11-13 16:12:28.778376,0.2,-4.359375
2024-11-13 16:12:28.980368,3.8,-4.328125
2024-11-13 16:12:29.183374,16.1,-4.328125
2024-11-13 16:12:29.388034,1.4,-4.359375
2024-11-13 16:12:29.594328,0.4,-4.359375
2024-11-13 16:12:29.802913,0.3,-4.359375
2024-11-13 16:12:30.008506,11.1,-4.328125
2024-11-13 16:12:30.212972,31.1,-4.328125
2024-11-13 16:12:30.418154,2.1,-4.359375
2024-11-13 16:12:30.621105,0.2,-4.359375
2024-11-13 16:12:30.824541,0.3,-4.359375
2024-11-13 16:12:31.030206,24.9,-4.328125
2024-11-13 16:12:31.235121,19.0,-4.328125
2024-11-13 16:12:31.441303,2.5,-4.359375
2024-11-13 16:12:31.646805,0.4,-4.359375
2024-11-13 16:12:31.852200,0.6,-4.359375
2024-11-13 16:12:32.057958,30.6,-4.328125
2024-11-13 16:12:32.263528,0.7,-4.328125
2024-11-13 16:12:32.469362,2.5,-4.359375
2024-11-13 16:12:32.674386,0.4,-4.359375
2024-11-13 16:12:32.877380,0.5,-4.359375
2024-11-13 16:12:33.083357,32.3,-4.328125
2024-11-13 16:12:33.289556,0.7,-4.328125
2024-11-13 16:12:33.496278,2.0,-4.359375
2024-11-13 16:12:33.700938,0.4,-4.359375
2024-11-13 16:12:33.912616,3.6,-4.328125
2024-11-13 16:12:34.118491,23.4,-4.328125
2024-11-13 16:12:34.321240,2.0,-4.359375
2024-11-13 16:12:34.526209,0.2,-4.359375
2024-11-13 16:12:34.731677,0.3,-4.359375
2024-11-13 16:12:34.937907,7.7,-4.3125
2024-11-13 16:12:35.144253,34.9,-4.3125
2024-11-13 16:12:35.348986,1.5,-4.34375
2024-11-13 16:12:35.550996,0.2,-4.34375
2024-11-13 16:12:35.754688,0.2,-4.34375
2024-11-13 16:12:35.959883,3.5,-4.3125
2024-11-13 16:12:36.165062,22.4,-4.3125
2024-11-13 16:12:36.369893,1.2,-4.34375
2024-11-13 16:12:36.572554,0.1,-4.34375
2024-11-13 16:12:36.774295,0.3,-4.34375
2024-11-13 16:12:36.977710,6.1,-7.78125
2024-11-13 16:12:37.182959,29.9,-7.78125
2024-11-13 16:12:37.386777,1.4,-7.875
2024-11-13 16:12:37.591018,0.2,-8.265625
2024-11-13 16:12:37.794850,0.2,-13.46875
2024-11-13 16:12:37.998912,4.0,-16.40625
2024-11-13 16:12:38.203231,15.2,-23.125
2024-11-13 16:12:38.407549,1.5,-23.15625
2024-11-13 16:12:38.611828,0.2,-23.953125
2024-11-13 16:12:38.814736,0.1,-25.59375
2024-11-13 16:12:39.018405,9.9,-29.984375
2024-11-13 16:12:39.222367,18.9,-30.59375
2024-11-13 16:12:39.426204,1.5,-30.859375
2024-11-13 16:12:39.627981,0.2,-31.390625
2024-11-13 16:12:39.830997,0.2,-31.390625
2024-11-13 16:12:40.034379,17.7,-31.359375
2024-11-13 16:12:40.239848,18.0,-31.359375
2024-11-13 16:12:40.445621,2.5,-31.375
2024-11-13 16:12:40.651948,0.2,-31.375
2024-11-13 16:12:40.857734,0.6,-31.375
2024-11-13 16:12:41.063420,39.4,-31.34375
2024-11-13 16:12:41.268721,0.7,-31.34375
2024-11-13 16:12:41.474975,2.4,-31.375
2024-11-13 16:12:41.680803,0.3,-31.375
2024-11-13 16:12:41.886740,1.2,-31.359375
2024-11-13 16:12:42.093241,40.8,-31.34375
2024-11-13 16:12:42.298748,0.6,-31.34375
2024-11-13 16:12:42.505171,2.4,-31.375
2024-11-13 16:12:42.710182,0.4,-31.375
2024-11-13 16:12:42.914266,7.7,-31.34375
2024-11-13 16:12:43.124038,26.8,-31.34375
2024-11-13 16:12:43.327893,1.8,-31.375
2024-11-13 16:12:43.533237,2.1,-31.359375
2024-11-13 16:12:43.739126,0.3,-31.359375
2024-11-13 16:12:43.944636,8.6,-31.328125
2024-11-13 16:12:44.151216,34.6,-31.328125
2024-11-13 16:12:44.356887,0.8,-31.359375
2024-11-13 16:12:44.560612,2.0,-31.359375
2024-11-13 16:12:44.766385,0.4,-31.359375
2024-11-13 16:12:44.971365,3.8,-31.328125
2024-11-13 16:12:45.174415,22.2,-31.328125
2024-11-13 16:12:45.376919,1.4,-31.359375
2024-11-13 16:12:45.579846,0.2,-31.359375
2024-11-13 16:12:45.785455,0.3,-31.359375
2024-11-13 16:12:45.991468,8.5,-31.328125
2024-11-13 16:12:46.197713,37.6,-31.328125
2024-11-13 16:12:46.402467,2.6,-31.359375
2024-11-13 16:12:46.608045,0.3,-31.359375
2024-11-13 16:12:46.814490,0.3,-31.359375
2024-11-13 16:12:47.020024,15.2,-31.328125
2024-11-13 16:12:47.225819,17.1,-31.328125
2024-11-13 16:12:47.431295,2.5,-31.359375
2024-11-13 16:12:47.635116,0.3,-31.359375
2024-11-13 16:12:47.840839,0.3,-31.359375
2024-11-13 16:12:48.044786,27.1,-31.328125
2024-11-13 16:12:48.250060,10.3,-31.328125
2024-11-13 16:12:48.455499,2.5,-31.359375
2024-11-13 16:12:48.661214,0.2,-31.359375
2024-11-13 16:12:48.866804,0.3,-31.359375
2024-11-13 16:12:49.072910,42.1,-31.328125
2024-11-13 16:12:49.278114,4.6,-31.328125
2024-11-13 16:12:49.483779,2.5,-31.359375
2024-11-13 16:12:49.689418,0.3,-31.359375
2024-11-13 16:12:49.894980,1.1,-31.34375
2024-11-13 16:12:50.100788,42.0,-31.328125
2024-11-13 16:12:50.305941,0.5,-31.328125
2024-11-13 16:12:50.510139,2.4,-31.359375
2024-11-13 16:12:50.713693,0.2,-31.359375
2024-11-13 16:12:50.918600,3.6,-31.328125
2024-11-13 16:12:51.123087,21.7,-31.328125
2024-11-13 16:12:51.329242,0.8,-31.359375
2024-11-13 16:12:51.532996,1.5,-31.359375
2024-11-13 16:12:51.738418,0.3,-31.359375
2024-11-13 16:12:51.943921,8.2,-31.328125
2024-11-13 16:12:52.149496,39.3,-31.328125
2024-11-13 16:12:52.355126,0.7,-31.359375
2024-11-13 16:12:52.560684,1.9,-31.359375
2024-11-13 16:12:52.764865,0.3,-31.359375
2024-11-13 16:12:52.969529,8.6,-31.328125
2024-11-13 16:12:53.175800,22.3,-31.328125
2024-11-13 16:12:53.381566,0.7,-31.359375
2024-11-13 16:12:53.586801,2.1,-31.359375
2024-11-13 16:12:53.791452,0.3,-31.359375
2024-11-13 16:12:53.996034,8.7,-31.328125
2024-11-13 16:12:54.200503,21.9,-31.328125
2024-11-13 16:12:54.406801,0.7,-31.359375
2024-11-13 16:12:54.611399,2.2,-31.359375
2024-11-13 16:12:54.816947,0.3,-31.359375
2024-11-13 16:12:55.022182,15.6,-31.328125
2024-11-13 16:12:55.225747,29.2,-31.328125
2024-11-13 16:12:55.428945,0.5,-31.359375
2024-11-13 16:12:55.634243,1.7,-31.359375
2024-11-13 16:12:55.840384,0.3,-31.359375
2024-11-13 16:12:56.044658,34.5,-31.328125
2024-11-13 16:12:56.247812,5.0,-31.046875
2024-11-13 16:12:56.451786,0.4,-31.078125
2024-11-13 16:12:56.656241,0.9,-31.078125
2024-11-13 16:12:56.861603,0.3,-31.078125
2024-11-13 16:12:57.066108,37.4,-31.046875
2024-11-13 16:12:57.271646,2.9,-31.046875
2024-11-13 16:12:57.477115,10.0,-30.75
2024-11-13 16:12:57.682640,3.1,-30.640625
2024-11-13 16:12:57.887345,1.0,-30.625
2024-11-13 16:12:58.091783,32.0,-30.609375
2024-11-13 16:12:58.297503,4.5,-30.609375
2024-11-13 16:12:58.502951,1.3,-30.625
2024-11-13 16:12:58.705378,0.2,-30.625
2024-11-13 16:12:58.908002,2.7,-30.59375
2024-11-13 16:12:59.110264,12.2,-30.59375
2024-11-13 16:12:59.312232,0.3,-30.625
2024-11-13 16:12:59.515899,1.8,-30.625
2024-11-13 16:12:59.722528,0.2,-30.625
2024-11-13 16:12:59.928830,8.4,-30.59375
2024-11-13 16:13:00.135332,24.1,-30.59375
2024-11-13 16:13:00.340943,0.8,-30.625
2024-11-13 16:13:00.546143,1.2,-30.625
2024-11-13 16:13:00.749772,0.3,-30.625
2024-11-13 16:13:00.955552,8.5,-30.578125
2024-11-13 16:13:01.160651,43.8,-30.578125
2024-11-13 16:13:01.364688,0.7,-30.609375
2024-11-13 16:13:01.567872,2.1,-30.609375
2024-11-13 16:13:01.770862,0.2,-30.609375
2024-11-13 16:13:01.974989,3.8,-30.578125
2024-11-13 16:13:02.179681,23.4,-30.578125
2024-11-13 16:13:02.385406,0.7,-30.609375
2024-11-13 16:13:02.590814,2.1,-30.609375
2024-11-13 16:13:02.795016,0.2,-30.609375
2024-11-13 16:13:02.997984,8.3,-30.578125
2024-11-13 16:13:03.204304,32.2,-30.5625
2024-11-13 16:13:03.410418,0.7,-30.59375
2024-11-13 16:13:03.614588,2.1,-30.59375
2024-11-13 16:13:03.819352,0.4,-30.59375
2024-11-13 16:13:04.022996,20.0,-30.5625
2024-11-13 16:13:04.228843,26.6,-30.5625
2024-11-13 16:13:04.435260,0.7,-30.59375
2024-11-13 16:13:04.640765,2.2,-30.59375
2024-11-13 16:13:04.847009,0.3,-30.59375
2024-11-13 16:13:05.053332,37.6,-30.5625
2024-11-13 16:13:05.257109,2.1,-30.5625
2024-11-13 16:13:05.461584,0.4,-30.59375
2024-11-13 16:13:05.667273,2.1,-30.59375
2024-11-13 16:13:05.873689,0.3,-30.59375
2024-11-13 16:13:06.079663,44.3,-30.5625
2024-11-13 16:13:06.285031,0.6,-30.5625
2024-11-13 16:13:06.488065,0.5,-30.59375
2024-11-13 16:13:06.691339,2.2,-30.59375
2024-11-13 16:13:06.897779,1.0,-30.578125
2024-11-13 16:13:07.103612,39.0,-30.5625
2024-11-13 16:13:07.308122,3.6,-30.5625
2024-11-13 16:13:07.512560,0.3,-30.59375
2024-11-13 16:13:07.716860,1.1,-30.59375
2024-11-13 16:13:07.920349,8.2,-30.5625
2024-11-13 16:13:08.125861,34.2,-30.5625
2024-11-13 16:13:08.331866,0.8,-30.59375
2024-11-13 16:13:08.536036,2.1,-30.59375
2024-11-13 16:13:08.741583,0.2,-30.59375
2024-11-13 16:13:08.947186,8.6,-30.5625
2024-11-13 16:13:09.153003,25.4,-30.5625
2024-11-13 16:13:09.358813,0.8,-30.59375
2024-11-13 16:13:09.564620,2.1,-30.59375
2024-11-13 16:13:09.768869,0.4,-30.59375
2024-11-13 16:13:09.974428,8.5,-30.5625
2024-11-13 16:13:10.179951,35.0,-30.5625
2024-11-13 16:13:10.385865,0.9,-30.59375
2024-11-13 16:13:10.591556,2.0,-30.59375
2024-11-13 16:13:10.797576,0.4,-30.59375
2024-11-13 16:13:11.002025,8.0,-30.5625
2024-11-13 16:13:11.207292,23.3,-30.5625
2024-11-13 16:13:11.412496,0.8,-30.59375
2024-11-13 16:13:11.617567,1.9,-30.59375
2024-11-13 16:13:11.821735,0.4,-30.59375
2024-11-13 16:13:12.026595,19.1,-30.5625
2024-11-13 16:13:12.234757,13.7,-30.546875
2024-11-13 16:13:12.440317,0.7,-30.578125
2024-11-13 16:13:12.644426,1.9,-30.578125
2024-11-13 16:13:12.849459,0.2,-30.578125
2024-11-13 16:13:13.051569,16.0,-30.546875
2024-11-13 16:13:13.255037,2.1,-30.546875
2024-11-13 16:13:13.459363,0.4,-30.578125
2024-11-13 16:13:13.664596,1.9,-30.578125
2024-11-13 16:13:13.869526,0.3,-30.578125
2024-11-13 16:13:14.075121,37.7,-30.546875
2024-11-13 16:13:14.279908,1.0,-30.546875
2024-11-13 16:13:14.485835,0.6,-30.578125
2024-11-13 16:13:14.690166,2.0,-30.578125
2024-11-13 16:13:14.895144,1.0,-30.5625
2024-11-13 16:13:15.100095,37.7,-30.546875
2024-11-13 16:13:15.304093,0.8,-30.546875
2024-11-13 16:13:15.507840,0.3,-30.578125
2024-11-13 16:13:15.712558,1.8,-30.578125
2024-11-13 16:13:15.916702,7.7,-30.546875
2024-11-13 16:13:16.124072,26.8,-30.546875
2024-11-13 16:13:16.328099,1.8,-30.578125
2024-11-13 16:13:16.531848,0.2,-30.578125
2024-11-13 16:13:16.737485,2.4,-30.578125
2024-11-13 16:13:16.943056,8.1,-30.546875
2024-11-13 16:13:17.147238,29.4,-30.546875
2024-11-13 16:13:17.351778,1.0,-30.578125
2024-11-13 16:13:17.557457,0.3,-30.578125
2024-11-13 16:13:17.762349,5.7,-29.875
2024-11-13 16:13:17.967872,7.8,-29.84375
2024-11-13 16:13:18.173995,31.9,-29.84375
2024-11-13 16:13:18.379043,0.6,-29.875
2024-11-13 16:13:18.581790,0.1,-29.875
2024-11-13 16:13:18.784834,0.8,-29.875
2024-11-13 16:13:18.988037,8.1,-29.84375
2024-11-13 16:13:19.193588,33.1,-29.84375
2024-11-13 16:13:19.399328,0.8,-29.875
2024-11-13 16:13:19.604221,0.3,-29.875
2024-11-13 16:13:19.808124,1.8,-29.875
2024-11-13 16:13:20.013137,12.8,-29.84375
2024-11-13 16:13:20.218490,18.9,-29.84375
2024-11-13 16:13:20.423022,0.8,-29.875
2024-11-13 16:13:20.627237,1.9,-29.875
2024-11-13 16:13:20.832500,0.3,-29.875
2024-11-13 16:13:21.037392,27.4,-29.84375
2024-11-13 16:13:21.241562,1.6,-29.84375
2024-11-13 16:13:21.447385,0.7,-29.875
2024-11-13 16:13:21.652067,2.0,-29.875
2024-11-13 16:13:21.858287,0.4,-29.875
2024-11-13 16:13:22.064277,35.5,-29.84375
2024-11-13 16:13:22.269354,3.9,-29.84375
2024-11-13 16:13:22.474842,0.7,-29.875
2024-11-13 16:13:22.680301,1.8,-29.875
2024-11-13 16:13:22.885005,0.7,-29.859375
2024-11-13 16:13:23.089715,28.6,-29.84375
2024-11-13 16:13:23.294304,0.6,-29.84375
2024-11-13 16:13:23.498321,0.4,-29.875
2024-11-13 16:13:23.703607,1.8,-29.875
2024-11-13 16:13:23.907437,2.8,-29.84375
2024-11-13 16:13:24.110069,3.9,-29.84375
2024-11-13 16:13:24.312774,10.0,-29.84375
2024-11-13 16:13:24.516032,0.8,-29.875
2024-11-13 16:13:24.721344,1.8,-29.875
2024-11-13 16:13:24.927318,7.1,-29.84375
2024-11-13 16:13:25.131630,24.0,-29.84375
2024-11-13 16:13:25.335354,0.7,-29.875
2024-11-13 16:13:25.538894,0.2,-29.875
2024-11-13 16:13:25.744576,2.0,-29.875
2024-11-13 16:13:25.950168,7.5,-29.84375
2024-11-13 16:13:26.157030,24.8,-29.84375
2024-11-13 16:13:26.360555,0.9,-29.875
2024-11-13 16:13:26.565206,0.2,-29.875
2024-11-13 16:13:26.771266,2.3,-29.875
2024-11-13 16:13:26.976404,3.8,-29.84375
2024-11-13 16:13:27.179520,23.5,-29.84375
2024-11-13 16:13:27.385481,0.7,-29.875
2024-11-13 16:13:27.591204,0.2,-29.875
2024-11-13 16:13:27.794959,1.7,-29.875
2024-11-13 16:13:28.000378,7.7,-29.84375
2024-11-13 16:13:28.205086,24.0,-29.796875
2024-11-13 16:13:28.408438,0.3,-29.828125
2024-11-13 16:13:28.610342,0.1,-29.828125
2024-11-13 16:13:28.823608,5.6,-29.6875
2024-11-13 16:13:29.028773,13.1,-29.65625
2024-11-13 16:13:29.232424,2.4,-29.65625
2024-11-13 16:13:29.435790,0.3,-29.6875
2024-11-13 16:13:29.637733,0.1,-29.6875
2024-11-13 16:13:29.841070,0.7,-29.6875
2024-11-13 16:13:30.042767,15.5,-29.65625
2024-11-13 16:13:30.246421,0.4,-29.65625
2024-11-13 16:13:30.449970,0.3,-29.6875
2024-11-13 16:13:30.653672,0.2,-29.6875
2024-11-13 16:13:30.859130,2.3,-29.6875
2024-11-13 16:13:31.064415,41.4,-29.65625
2024-11-13 16:13:31.269767,3.5,-29.65625
2024-11-13 16:13:31.475124,0.4,-29.6875
2024-11-13 16:13:31.677680,0.2,-29.6875
2024-11-13 16:13:31.881859,1.2,-29.6875
2024-11-13 16:13:32.086475,28.9,-29.65625
2024-11-13 16:13:32.291558,0.5,-29.65625
2024-11-13 16:13:32.496457,0.5,-29.6875
2024-11-13 16:13:32.699447,1.4,-29.6875
2024-11-13 16:13:32.903295,3.7,-29.65625
2024-11-13 16:13:33.106890,16.6,-29.65625
2024-11-13 16:13:33.310104,0.4,-29.6875
2024-11-13 16:13:33.513052,0.1,-31.0625
2024-11-13 16:13:33.716535,3.2,-30.984375
2024-11-13 16:13:33.921079,7.5,-30.953125
2024-11-13 16:13:34.127836,25.9,-30.953125
2024-11-13 16:13:34.331580,1.6,-30.984375
2024-11-13 16:13:34.535107,0.2,-30.984375
2024-11-13 16:13:34.738756,0.9,-30.984375
2024-11-13 16:13:34.942315,3.0,-30.953125
2024-11-13 16:13:35.143738,13.1,-30.953125
2024-11-13 16:13:35.346893,0.4,-30.984375
2024-11-13 16:13:35.549813,0.1,-31.90625
2024-11-13 16:13:35.751324,1.0,-41.484375
2024-11-13 16:13:35.953175,3.8,-41.84375
2024-11-13 16:13:36.156367,22.5,-46.578125
2024-11-13 16:13:36.358945,0.5,-47.828125
2024-11-13 16:13:36.563735,0.1,-47.828125
2024-11-13 16:13:36.766344,1.2,-51.25
2024-11-13 16:13:36.969215,3.8,-84.78125
2024-11-13 16:13:37.173437,25.4,-84.71875
2024-11-13 16:13:37.376800,0.5,-84.75
2024-11-13 16:13:37.579798,0.1,-84.765625
2024-11-13 16:13:37.784116,0.9,-84.765625
2024-11-13 16:13:37.987840,3.7,-84.734375
2024-11-13 16:13:38.191204,15.7,-84.734375
2024-11-13 16:13:38.396043,0.7,-84.765625
2024-11-13 16:13:38.600118,0.2,-84.765625
2024-11-13 16:13:38.805481,1.9,-84.765625
2024-11-13 16:13:39.014213,13.8,-84.734375
2024-11-13 16:13:39.219475,25.9,-84.734375
2024-11-13 16:13:39.423604,0.7,-84.765625
2024-11-13 16:13:39.627838,0.5,-84.765625
2024-11-13 16:13:39.832589,1.8,-84.765625
2024-11-13 16:13:40.036694,20.0,-84.734375
2024-11-13 16:13:40.241959,13.9,-84.734375
2024-11-13 16:13:40.447067,0.7,-84.765625
2024-11-13 16:13:40.652132,0.1,-84.765625
2024-11-13 16:13:40.855394,0.8,-84.765625
2024-11-13 16:13:41.058995,15.3,-84.734375
2024-11-13 16:13:41.262901,0.7,-84.734375
2024-11-13 16:13:41.466794,0.6,-84.765625
2024-11-13 16:13:41.672495,0.3,-84.765625
2024-11-13 16:13:41.878368,2.1,-84.765625
2024-11-13 16:13:42.083608,44.0,-84.734375
2024-11-13 16:13:42.288824,0.6,-84.734375
2024-11-13 16:13:42.494595,0.6,-84.765625
2024-11-13 16:13:42.699643,0.3,-84.765625
2024-11-13 16:13:42.904326,4.3,-84.734375
2024-11-13 16:13:43.109653,38.2,-84.734375
2024-11-13 16:13:43.315975,3.6,-84.71875
2024-11-13 16:13:43.521399,0.5,-84.75
2024-11-13 16:13:43.727071,0.4,-84.75
2024-11-13 16:13:43.930885,9.2,-84.71875
2024-11-13 16:13:44.135230,33.0,-84.71875
2024-11-13 16:13:44.340794,1.0,-84.75
2024-11-13 16:13:44.546413,0.2,-84.75
2024-11-13 16:13:44.750925,0.3,-84.75
2024-11-13 16:13:44.955702,9.3,-84.71875
2024-11-13 16:13:45.161289,31.7,-84.703125
2024-11-13 16:13:45.366623,0.8,-84.734375
2024-11-13 16:13:45.568734,0.2,-84.734375
2024-11-13 16:13:45.774341,0.4,-84.734375
2024-11-13 16:13:45.979923,9.2,-84.703125
2024-11-13 16:13:46.185431,60.1,-78.171875
2024-11-13 16:13:46.387917,0.4,-78.203125
2024-11-13 16:13:46.590417,0.1,-78.203125
2024-11-13 16:13:46.792960,1.9,-78.203125
2024-11-13 16:13:46.998631,7.7,-78.171875
2024-11-13 16:13:47.204124,31.0,-78.171875
2024-11-13 16:13:47.409655,0.8,-78.203125
2024-11-13 16:13:47.614428,0.3,-78.203125
2024-11-13 16:13:47.819581,2.3,-78.203125
2024-11-13 16:13:48.025048,20.5,-78.171875
2024-11-13 16:13:48.229946,21.8,-78.171875
2024-11-13 16:13:48.436296,0.8,-78.203125
2024-11-13 16:13:48.642128,0.3,-78.203125
2024-11-13 16:13:48.846629,1.8,-78.203125
2024-11-13 16:13:49.051148,31.6,-78.140625
2024-11-13 16:13:49.256122,4.3,-78.140625
2024-11-13 16:13:49.460067,0.6,-78.171875
2024-11-13 16:13:49.665766,0.4,-78.171875
2024-11-13 16:13:49.870171,1.8,-78.171875
2024-11-13 16:13:50.072773,27.2,-78.140625
2024-11-13 16:13:50.276478,0.9,-78.140625
2024-11-13 16:13:50.481329,0.6,-78.171875
2024-11-13 16:13:50.686874,0.2,-78.171875
2024-11-13 16:13:50.890791,2.5,-78.15625
2024-11-13 16:13:51.096128,29.1,-78.125
2024-11-13 16:13:51.301619,0.9,-78.15625
2024-11-13 16:13:51.508524,0.3,-78.15625
2024-11-13 16:13:51.712905,0.2,-78.15625
2024-11-13 16:13:51.916103,5.1,-77.71875
2024-11-13 16:13:52.131736,12.8,-77.71875
2024-11-13 16:13:52.335280,1.3,-77.75
2024-11-13 16:13:52.541421,0.2,-77.75
2024-11-13 16:13:52.745103,0.2,-77.75
2024-11-13 16:13:52.947736,8.9,-77.6875
2024-11-13 16:13:53.153744,25.6,-77.6875
2024-11-13 16:13:53.359492,0.8,-77.71875
2024-11-13 16:13:53.565522,0.2,-77.71875
2024-11-13 16:13:53.771747,0.5,-77.71875
2024-11-13 16:13:53.977244,9.8,-77.671875
2024-11-13 16:13:54.183332,27.7,-77.671875
2024-11-13 16:13:54.389890,0.7,-77.703125
2024-11-13 16:13:54.595832,0.2,-77.703125
2024-11-13 16:13:54.800158,0.2,-77.703125
2024-11-13 16:13:55.005926,11.2,-77.65625
2024-11-13 16:13:55.211472,26.1,-77.65625
2024-11-13 16:13:55.417413,0.5,-77.6875
2024-11-13 16:13:55.622226,0.3,-77.6875
2024-11-13 16:13:55.828444,0.3,-77.6875
2024-11-13 16:13:56.033386,25.9,-77.65625
2024-11-13 16:13:56.239149,8.6,-77.65625
2024-11-13 16:13:56.445271,0.7,-77.6875
2024-11-13 16:13:56.650776,0.3,-77.6875
2024-11-13 16:13:56.856396,0.3,-77.6875
2024-11-13 16:13:57.060231,27.5,-77.640625
2024-11-13 16:13:57.264172,1.1,-77.640625
2024-11-13 16:13:57.467603,0.4,-77.671875
2024-11-13 16:13:57.671828,0.2,-77.671875
2024-11-13 16:13:57.874650,1.6,-77.671875
2024-11-13 16:13:58.080155,32.5,-77.640625
2024-11-13 16:13:58.285443,3.9,-77.640625
2024-11-13 16:13:58.491444,0.6,-77.671875
2024-11-13 16:13:58.695573,0.2,-77.671875
2024-11-13 16:13:58.897966,3.0,-77.640625
2024-11-13 16:13:59.102212,19.8,-77.640625
2024-11-13 16:13:59.304881,0.6,-77.671875
2024-11-13 16:13:59.510369,0.2,-77.671875
2024-11-13 16:13:59.716467,0.3,-77.671875
2024-11-13 16:13:59.922964,10.0,-77.640625
2024-11-13 16:14:00.128602,22.3,-77.640625
2024-11-13 16:14:00.333249,0.5,-77.671875
2024-11-13 16:14:00.536347,0.1,-77.671875
2024-11-13 16:14:00.740035,0.2,-77.671875
2024-11-13 16:14:00.941652,4.5,-77.640625
2024-11-13 16:14:01.144617,21.4,-77.640625
2024-11-13 16:14:01.348512,0.8,-77.671875
2024-11-13 16:14:01.553838,0.2,-77.671875
2024-11-13 16:14:01.758284,0.4,-77.671875
2024-11-13 16:14:01.964133,10.1,-77.640625
2024-11-13 16:14:02.167987,23.8,-77.640625
2024-11-13 16:14:02.371501,0.5,-77.671875
2024-11-13 16:14:02.576123,0.1,-77.671875
2024-11-13 16:14:02.782007,0.3,-77.671875
2024-11-13 16:14:02.985640,4.5,-77.640625
2024-11-13 16:14:03.189804,14.4,-77.640625
2024-11-13 16:14:03.394687,0.6,-77.671875
2024-11-13 16:14:03.600019,0.2,-77.671875
2024-11-13 16:14:03.804671,0.2,-77.671875
2024-11-13 16:14:04.009824,12.5,-77.640625
2024-11-13 16:14:04.215682,29.4,-77.640625
2024-11-13 16:14:04.421776,0.7,-77.671875
2024-11-13 16:14:04.626930,0.4,-77.671875
2024-11-13 16:14:04.830681,0.2,-77.671875
2024-11-13 16:14:05.034914,21.6,-77.640625
2024-11-13 16:14:05.239867,4.4,-77.640625
2024-11-13 16:14:05.445841,0.4,-77.671875
2024-11-13 16:14:05.650737,0.3,-77.671875
2024-11-13 16:14:05.856557,0.2,-77.671875
2024-11-13 16:14:06.060652,74.4,-72.46875
2024-11-13 16:14:06.264887,0.6,-72.46875
2024-11-13 16:14:06.470682,0.6,-72.5
2024-11-13 16:14:06.676410,0.2,-72.5
2024-11-13 16:14:06.882642,0.5,-72.5
2024-11-13 16:14:07.088943,32.3,-72.421875
2024-11-13 16:14:07.295253,4.4,-72.390625
2024-11-13 16:14:07.501159,0.5,-72.421875
2024-11-13 16:14:07.705795,0.3,-72.421875
2024-11-13 16:14:07.911022,8.3,-72.390625
2024-11-13 16:14:08.116377,26.0,-72.390625
2024-11-13 16:14:08.321544,0.7,-72.421875
2024-11-13 16:14:08.525347,0.1,-72.421875
2024-11-13 16:14:08.728089,0.2,-72.421875
2024-11-13 16:14:08.932065,7.0,-72.390625
2024-11-13 16:14:09.136644,25.7,-72.359375
2024-11-13 16:14:09.342749,0.8,-72.390625
2024-11-13 16:14:09.548055,0.2,-72.390625
2024-11-13 16:14:09.751211,0.4,-72.390625
2024-11-13 16:14:09.956003,10.0,-72.359375
2024-11-13 16:14:10.161402,27.4,-72.3125
2024-11-13 16:14:10.367504,0.9,-72.34375
2024-11-13 16:14:10.574319,0.3,-72.34375
2024-11-13 16:14:10.782035,0.4,-72.34375
2024-11-13 16:14:10.987395,9.9,-72.3125
2024-11-13 16:14:11.193134,24.7,-72.3125
2024-11-13 16:14:11.398821,0.8,-72.34375
2024-11-13 16:14:11.604516,0.4,-72.34375
2024-11-13 16:14:11.809334,0.3,-72.34375
2024-11-13 16:14:12.016120,16.0,-72.3125
2024-11-13 16:14:12.222186,20.8,-72.3125
2024-11-13 16:14:12.428049,0.7,-72.34375
2024-11-13 16:14:12.634226,0.5,-72.34375
2024-11-13 16:14:12.838967,0.2,-72.34375
2024-11-13 16:14:13.044692,28.3,-72.5
2024-11-13 16:14:13.248193,9.4,-72.5
2024-11-13 16:14:13.453563,0.8,-73.1875
2024-11-13 16:14:13.661011,0.4,-73.25
2024-11-13 16:14:13.863793,0.3,-73.3125
2024-11-13 16:14:14.067309,19.7,-73.5625
2024-11-13 16:14:14.270096,0.6,-73.5625
2024-11-13 16:14:14.474816,0.4,-73.625
2024-11-13 16:14:14.680231,0.3,-73.625
2024-11-13 16:14:14.884935,0.9,-73.609375
2024-11-13 16:14:15.090020,29.3,-73.59375
2024-11-13 16:14:15.295362,0.8,-73.59375
2024-11-13 16:14:15.500201,0.5,-73.625
2024-11-13 16:14:15.705733,0.3,-73.625
2024-11-13 16:14:15.911229,8.0,-73.59375
2024-11-13 16:14:16.124797,28.8,-73.5625
2024-11-13 16:14:16.328802,1.8,-73.59375
2024-11-13 16:14:16.533420,0.2,-73.59375
2024-11-13 16:14:16.739497,0.3,-73.59375
2024-11-13 16:14:16.943283,8.5,-73.5625
2024-11-13 16:14:17.149012,27.6,-73.53125
2024-11-13 16:14:17.353860,0.8,-73.5625
2024-11-13 16:14:17.559287,0.2,-73.5625
2024-11-13 16:14:17.763981,0.4,-73.5625
2024-11-13 16:14:17.969417,5.1,-73.53125
2024-11-13 16:14:18.174829,25.9,-73.53125
2024-11-13 16:14:18.380685,0.7,-73.5625
2024-11-13 16:14:18.587105,0.2,-73.5625
2024-11-13 16:14:18.791798,0.3,-73.5625
2024-11-13 16:14:18.997396,8.4,-73.53125
2024-11-13 16:14:19.202884,31.3,-73.53125
2024-11-13 16:14:19.408878,0.7,-73.5625
2024-11-13 16:14:19.613512,0.2,-73.5625
2024-11-13 16:14:19.816214,0.1,-73.5625
2024-11-13 16:14:20.018987,11.9,-73.53125
2024-11-13 16:14:20.224305,14.5,-73.53125
2024-11-13 16:14:20.431400,0.7,-73.5625
2024-11-13 16:14:20.637140,0.3,-73.5625
2024-11-13 16:14:20.843370,0.2,-73.5625
2024-11-13 16:14:21.047627,30.6,-73.53125
2024-11-13 16:14:21.252213,5.6,-73.53125
2024-11-13 16:14:21.459095,0.7,-73.5625
2024-11-13 16:14:21.663368,0.4,-73.5625
2024-11-13 16:14:21.869004,0.3,-73.5625
2024-11-13 16:14:22.072948,35.6,-73.5
2024-11-13 16:14:22.277927,4.5,-73.5
2024-11-13 16:14:22.482079,0.6,-73.53125
2024-11-13 16:14:22.687346,0.3,-73.53125
2024-11-13 16:14:22.893043,0.6,-73.515625
2024-11-13 16:14:23.097038,29.3,-73.5
2024-11-13 16:14:23.302992,0.7,-73.5
2024-11-13 16:14:23.508440,0.5,-73.53125
2024-11-13 16:14:23.713566,0.3,-73.53125
2024-11-13 16:14:23.919200,8.1,-73.5
2024-11-13 16:14:24.125492,27.0,-73.5
2024-11-13 16:14:24.329570,0.8,-73.53125
2024-11-13 16:14:24.535735,0.3,-73.53125
2024-11-13 16:14:24.741629,0.3,-73.53125
2024-11-13 16:14:24.947291,8.4,-73.5
2024-11-13 16:14:25.152537,24.4,-73.5
2024-11-13 16:14:25.356811,0.4,-73.53125
2024-11-13 16:14:25.561130,0.2,-73.53125
2024-11-13 16:14:25.765461,0.3,-73.53125
2024-11-13 16:14:25.971246,8.4,-73.5
2024-11-13 16:14:26.176911,26.9,-73.46875
2024-11-13 16:14:26.382881,0.8,-73.5
2024-11-13 16:14:26.586726,0.2,-73.5
2024-11-13 16:14:26.790676,0.3,-73.5
2024-11-13 16:14:26.997388,6.7,-73.46875
2024-11-13 16:14:27.200820,24.1,-73.46875
2024-11-13 16:14:27.405651,0.9,-73.5
2024-11-13 16:14:27.611229,0.3,-73.5
2024-11-13 16:14:27.815251,0.3,-73.5
2024-11-13 16:14:28.019540,19.3,-73.4375
2024-11-13 16:14:28.222815,26.5,-73.4375
2024-11-13 16:14:28.426447,4.8,-73.4375
2024-11-13 16:14:28.628544,0.3,-73.46875
2024-11-13 16:14:28.832178,0.1,-73.46875
2024-11-13 16:14:29.034339,13.3,-73.375
2024-11-13 16:14:29.237735,17.1,-73.375
2024-11-13 16:14:29.442024,0.7,-73.40625
2024-11-13 16:14:29.646799,0.4,-73.40625
2024-11-13 16:14:29.852104,0.2,-73.40625
2024-11-13 16:14:30.060058,23.8,-73.890625
2024-11-13 16:14:30.264908,2.7,-73.875
2024-11-13 16:14:30.469642,0.3,-73.90625
2024-11-13 16:14:30.673004,0.2,-73.90625
2024-11-13 16:14:30.874728,0.1,-73.90625
2024-11-13 16:14:31.078178,15.1,-74.03125
2024-11-13 16:14:31.283302,2.3,-75.28125
2024-11-13 16:14:31.488886,0.6,-75.3125
2024-11-13 16:14:31.696789,0.3,-75.3125
2024-11-13 16:14:31.902954,6.2,-75.28125
2024-11-13 16:14:32.108332,29.4,-74.9375
2024-11-13 16:14:32.313835,2.7,-74.84375
2024-11-13 16:14:32.519312,0.3,-74.84375
2024-11-13 16:14:32.726568,0.3,-74.84375
2024-11-13 16:14:32.932367,4.4,-74.796875
2024-11-13 16:14:33.138107,36.3,-73.828125
2024-11-13 16:14:33.344449,2.8,-73.734375
2024-11-13 16:14:33.552079,0.2,-73.734375
2024-11-13 16:14:33.757838,0.3,-73.734375
2024-11-13 16:14:33.963179,8.4,-73.6875
2024-11-13 16:14:34.168767,22.2,-73.6875
2024-11-13 16:14:34.373114,2.5,-73.71875
2024-11-13 16:14:34.579575,0.2,-73.71875
2024-11-13 16:14:34.784219,0.2,-73.71875
2024-11-13 16:14:34.988059,8.3,-73.6875
2024-11-13 16:14:35.194358,31.4,-73.6875
2024-11-13 16:14:35.400518,2.4,-73.71875
2024-11-13 16:14:35.605208,0.3,-73.71875
2024-11-13 16:14:35.809397,0.2,-73.71875
2024-11-13 16:14:36.019403,12.3,-73.6875
2024-11-13 16:14:36.222599,24.4,-73.6875
2024-11-13 16:14:36.425844,0.4,-73.71875
2024-11-13 16:14:36.630003,0.2,-73.71875
2024-11-13 16:14:36.834747,0.2,-73.71875
2024-11-13 16:14:37.038501,19.9,-73.6875
2024-11-13 16:14:37.243623,11.1,-73.6875
2024-11-13 16:14:37.449525,0.6,-73.71875
2024-11-13 16:14:37.655637,0.3,-73.71875
2024-11-13 16:14:37.860033,0.2,-73.71875
2024-11-13 16:14:38.066071,35.6,-73.6875
2024-11-13 16:14:38.269699,2.2,-73.6875
2024-11-13 16:14:38.475219,0.7,-73.71875
2024-11-13 16:14:38.681164,0.3,-73.71875
2024-11-13 16:14:38.886837,0.9,-73.703125
2024-11-13 16:14:39.092774,32.6,-73.6875
2024-11-13 16:14:39.298944,2.5,-73.6875
2024-11-13 16:14:39.504401,0.5,-73.71875
2024-11-13 16:14:39.709880,0.3,-73.71875
2024-11-13 16:14:39.915826,8.2,-73.6875
2024-11-13 16:14:40.122140,25.2,-73.6875
2024-11-13 16:14:40.328416,2.7,-73.71875
2024-11-13 16:14:40.534588,0.2,-73.71875
2024-11-13 16:14:40.740452,0.2,-73.71875
2024-11-13 16:14:40.946269,8.3,-73.6875
2024-11-13 16:14:41.153194,29.9,-73.6875
2024-11-13 16:14:41.358751,2.9,-73.71875
2024-11-13 16:14:41.564314,0.2,-73.71875
2024-11-13 16:14:41.768261,0.3,-73.71875
2024-11-13 16:14:41.971623,3.7,-73.6875
2024-11-13 16:14:42.175469,19.6,-73.6875
2024-11-13 16:14:42.380073,1.9,-73.71875
2024-11-13 16:14:42.586105,0.4,-73.71875
2024-11-13 16:14:42.790863,0.2,-73.71875
2024-11-13 16:14:42.993281,4.6,-73.6875
2024-11-13 16:14:43.199246,25.3,-73.671875
2024-11-13 16:14:43.405160,2.6,-73.703125
2024-11-13 16:14:43.609809,0.4,-73.703125
2024-11-13 16:14:43.815278,0.2,-73.703125
2024-11-13 16:14:44.023500,16.7,-73.671875
2024-11-13 16:14:44.227357,15.7,-73.671875
2024-11-13 16:14:44.432598,2.5,-73.703125
2024-11-13 16:14:44.637257,0.2,-73.703125
2024-11-13 16:14:44.842585,0.2,-73.703125
2024-11-13 16:14:45.048125,33.8,-73.671875
2024-11-13 16:14:45.253188,10.5,-73.671875
2024-11-13 16:14:45.458551,2.5,-73.703125
2024-11-13 16:14:45.663205,0.3,-73.703125
2024-11-13 16:14:45.869278,0.2,-73.703125
2024-11-13 16:14:46.074325,31.8,-73.65625
2024-11-13 16:14:46.279600,1.0,-73.65625
2024-11-13 16:14:46.485279,2.3,-73.6875
2024-11-13 16:14:46.691190,0.2,-73.6875
2024-11-13 16:14:46.895260,0.9,-73.671875
2024-11-13 16:14:47.101259,36.0,-73.65625
2024-11-13 16:14:47.304878,1.3,-73.65625
2024-11-13 16:14:47.509033,0.9,-73.6875
2024-11-13 16:14:47.713312,0.2,-73.6875
2024-11-13 16:14:47.918289,7.8,-73.65625
2024-11-13 16:14:48.123971,29.4,-73.65625
2024-11-13 16:14:48.329409,2.8,-73.6875
2024-11-13 16:14:48.533433,0.2,-73.6875
2024-11-13 16:14:48.739165,0.3,-73.6875
2024-11-13 16:14:48.943176,8.3,-73.65625
2024-11-13 16:14:49.148896,20.6,-73.65625
2024-11-13 16:14:49.354410,2.8,-73.6875
2024-11-13 16:14:49.560462,0.2,-73.6875
2024-11-13 16:14:49.766458,0.2,-73.6875
2024-11-13 16:14:49.970301,3.4,-73.65625
2024-11-13 16:14:50.175686,38.3,-73.65625
2024-11-13 16:14:50.381325,2.5,-73.6875
2024-11-13 16:14:50.587086,0.3,-73.6875
2024-11-13 16:14:50.792750,0.2,-73.6875
2024-11-13 16:14:50.999263,8.3,-73.65625
2024-11-13 16:14:51.205274,26.2,-73.65625
2024-11-13 16:14:51.410874,2.2,-73.6875
2024-11-13 16:14:51.615246,0.5,-73.6875
2024-11-13 16:14:51.821371,0.3,-73.6875
2024-11-13 16:14:52.026486,20.3,-73.65625
2024-11-13 16:14:52.231222,57.1,-64.796875
2024-11-13 16:14:52.434285,6.2,-64.796875
2024-11-13 16:14:52.639427,0.7,-64.828125
2024-11-13 16:14:52.842880,0.1,-64.828125
2024-11-13 16:14:53.046733,20.6,-64.796875
2024-11-13 16:14:53.249208,0.7,-64.796875
2024-11-13 16:14:53.452166,0.4,-64.828125
2024-11-13 16:14:53.657867,0.4,-64.828125
2024-11-13 16:14:53.863736,0.2,-64.828125
2024-11-13 16:14:54.068403,31.1,-64.796875
2024-11-13 16:14:54.272954,0.9,-64.796875
2024-11-13 16:14:54.478369,0.6,-64.828125
2024-11-13 16:14:54.684299,0.4,-64.828125
2024-11-13 16:14:54.890028,1.0,-64.8125
2024-11-13 16:14:55.096292,33.7,-64.796875
2024-11-13 16:14:55.300705,0.8,-64.796875
2024-11-13 16:14:55.505800,0.5,-64.828125
2024-11-13 16:14:55.711914,0.3,-64.828125
2024-11-13 16:14:55.919677,8.1,-64.796875
2024-11-13 16:14:56.124816,26.2,-64.796875
2024-11-13 16:14:56.330236,1.0,-64.828125
2024-11-13 16:14:56.536382,0.3,-64.828125
2024-11-13 16:14:56.740868,0.2,-64.828125
2024-11-13 16:14:56.946473,8.0,-64.796875
2024-11-13 16:14:57.153076,26.7,-64.796875
2024-11-13 16:14:57.358882,0.9,-64.828125
2024-11-13 16:14:57.564086,0.2,-64.828125
2024-11-13 16:14:57.768633,0.3,-64.828125
2024-11-13 16:14:57.974445,8.3,-64.796875
2024-11-13 16:14:58.180173,21.6,-64.796875
2024-11-13 16:14:58.385568,1.0,-64.828125
2024-11-13 16:14:58.589649,0.2,-64.828125
2024-11-13 16:14:58.793038,0.1,-64.828125
2024-11-13 16:14:58.994960,2.7,-64.796875
2024-11-13 16:14:59.198390,11.5,-64.78125
2024-11-13 16:14:59.401958,0.4,-64.8125
2024-11-13 16:14:59.606882,0.3,-64.8125
2024-11-13 16:14:59.815543,0.2,-64.8125
2024-11-13 16:15:00.021189,11.2,-64.75
2024-11-13 16:15:00.226670,24.2,-64.59375
2024-11-13 16:15:00.432067,1.0,-64.625
2024-11-13 16:15:00.636396,0.2,-64.625
2024-11-13 16:15:00.839756,0.2,-64.625
2024-11-13 16:15:01.044681,25.6,-64.59375
2024-11-13 16:15:01.248058,5.2,-64.59375
2024-11-13 16:15:01.453719,0.7,-64.625
2024-11-13 16:15:01.657982,0.3,-64.625
2024-11-13 16:15:01.863349,0.2,-64.625
2024-11-13 16:15:02.069103,28.6,-64.59375
2024-11-13 16:15:02.274568,0.9,-64.59375
2024-11-13 16:15:02.479881,0.5,-64.625
2024-11-13 16:15:02.685128,0.3,-64.625
2024-11-13 16:15:02.889322,0.5,-64.609375
2024-11-13 16:15:03.093084,28.5,-64.59375
2024-11-13 16:15:03.298890,0.9,-64.59375
2024-11-13 16:15:03.504827,0.5,-64.625
2024-11-13 16:15:03.711132,0.2,-64.625
2024-11-13 16:15:03.917131,3.6,-64.59375
2024-11-13 16:15:04.121000,18.3,-64.59375
2024-11-13 16:15:04.324096,0.7,-64.625
2024-11-13 16:15:04.527448,0.2,-64.625
2024-11-13 16:15:04.732868,0.4,-64.625
2024-11-13 16:15:04.937292,8.3,-64.59375
2024-11-13 16:15:05.143921,25.3,-64.5625
2024-11-13 16:15:05.348342,1.1,-64.59375
2024-11-13 16:15:05.551060,0.2,-64.59375
2024-11-13 16:15:05.756493,0.3,-64.59375
2024-11-13 16:15:05.962087,8.2,-64.546875
2024-11-13 16:15:06.168185,24.1,-64.546875
2024-11-13 16:15:06.372706,1.0,-64.578125
2024-11-13 16:15:06.578956,0.2,-64.578125
2024-11-13 16:15:06.784106,0.3,-64.578125
2024-11-13 16:15:06.989800,8.4,-64.546875
2024-11-13 16:15:07.194192,24.0,-64.546875
2024-11-13 16:15:07.399567,1.0,-64.578125
2024-11-13 16:15:07.605308,0.4,-64.578125
2024-11-13 16:15:07.812128,0.2,-64.578125
2024-11-13 16:15:08.017384,15.4,-64.546875
2024-11-13 16:15:08.222271,22.9,-64.546875
2024-11-13 16:15:08.427959,1.0,-64.578125
2024-11-13 16:15:08.634005,0.4,-64.578125
2024-11-13 16:15:08.840107,0.2,-64.578125
2024-11-13 16:15:09.044645,27.9,-64.546875
2024-11-13 16:15:09.247296,3.5,-64.546875
2024-11-13 16:15:09.453025,0.5,-64.578125
2024-11-13 16:15:09.657381,0.2,-64.578125
2024-11-13 16:15:09.861528,0.2,-64.578125
2024-11-13 16:15:10.066042,23.2,-64.546875
2024-11-13 16:15:10.271839,1.0,-64.546875
2024-11-13 16:15:10.476603,0.6,-64.578125
2024-11-13 16:15:10.681821,0.4,-64.578125
2024-11-13 16:15:10.888189,0.9,-64.5625
2024-11-13 16:15:11.093385,30.8,-64.546875
2024-11-13 16:15:11.300537,0.9,-64.546875
2024-11-13 16:15:11.504133,0.4,-64.578125
2024-11-13 16:15:11.710708,0.3,-64.578125
2024-11-13 16:15:11.916688,8.3,-64.546875
2024-11-13 16:15:12.122572,23.7,-64.546875
2024-11-13 16:15:12.328702,1.1,-64.578125
2024-11-13 16:15:12.533803,0.2,-64.578125
2024-11-13 16:15:12.740328,0.3,-64.578125
2024-11-13 16:15:12.945349,4.5,-64.546875
2024-11-13 16:15:13.152266,27.6,-64.546875
2024-11-13 16:15:13.357567,0.9,-64.578125
2024-11-13 16:15:13.561382,0.2,-64.578125
2024-11-13 16:15:13.765466,0.4,-64.578125
2024-11-13 16:15:13.970315,8.1,-64.546875
2024-11-13 16:15:14.175111,27.7,-64.546875
2024-11-13 16:15:14.380417,1.1,-64.578125
2024-11-13 16:15:14.585635,0.2,-64.578125
2024-11-13 16:15:14.791826,0.3,-64.578125
