timestamp,generation,fitness,rsa,signature,connect_time,read_time,number_nodes,period,avg_cpu,avg_memory
2024-11-14 12:18:28.924682,0,122.43185603786898,1024,Sha1,0.3044261932373047,0.43042802810668945,1500,2000,6.318800749531544,2.1144889912554654
2024-11-14 12:23:56.522337,0,143.84669542601526,1024,Sha1,0.2699880599975586,0.33739209175109863,1400,2500,6.4797001873828854,-19.333775765146783
2024-11-14 12:29:24.418154,0,117.5282913494527,1024,Sha224,0.3210139274597168,0.4142780303955078,1400,1000,6.664834478450968,6.671582214241099
2024-11-14 12:34:52.635960,0,135.68693196316352,1024,Sha384,0.2636871337890625,0.38172006607055664,1500,2500,7.2632104934415995,-11.995549656464709
2024-11-14 12:40:21.578300,0,117.37014883864602,3072,Sha256,0.5230391025543213,0.6376521587371826,1500,500,7.3467207995003125,5.722439100562148
2024-11-14 12:45:50.272076,0,120.93309234342748,2048,Sha512,0.3873870372772217,0.5068199634552002,1607,3000,6.787320424734541,2.985380231105559
2024-11-14 12:51:18.921637,0,126.45534725230905,3072,Sha384,0.47800683975219727,0.5399789810180664,1200,1000,7.551967520299813,-3.425300593379138
2024-11-14 12:56:47.315913,0,137.61781770836035,1024,Sha224,0.29018497467041016,0.5386810302734375,1607,1000,6.89262960649594,-13.739313319800125
2024-11-14 13:02:15.702745,0,125.37827232671782,4096,Sha224,0.5707900524139404,0.6272571086883545,1400,1500,6.665584009993754,-1.6419034978138662
2024-11-14 13:07:43.991906,0,122.23776588186779,1024,Sha512,0.3017408847808838,0.3831138610839844,1300,3000,6.393816364772017,2.2835630074953155
2024-11-14 13:13:12.334394,0,147.89578929170827,3072,Sha384,0.5166068077087402,0.5880489349365234,1200,1500,6.575702685821362,-23.97614772017489
2024-11-14 13:18:40.748480,0,190.4096601755153,2048,Sha384,0.38474106788635254,0.5730819702148438,1400,1500,6.577076826983135,-66.34456004059963
2024-11-14 13:24:09.298000,0,108.77072804630882,3072,Sha256,0.45383715629577637,0.6069931983947754,1607,500,6.745409119300437,15.023032479700188
2024-11-14 13:29:37.413315,0,118.03957810080252,1024,Sha384,0.3253340721130371,0.38857197761535645,1200,2500,6.209931292941912,6.63658455652717
2024-11-14 13:35:05.870132,0,113.4775215442593,4096,Sha384,0.6962621212005615,0.7681920528411865,1300,3000,6.155340412242349,10.50268386945659
2024-11-14 13:40:34.229303,0,122.51101582066704,2048,Sha512,0.33229589462280273,0.42009592056274414,1200,3000,6.540537164272329,1.796055199875078
2024-11-14 13:46:03.019697,0,100.86436410930142,4096,Sha512,1.0839769840240479,1.172684907913208,1400,3000,6.587757651467832,23.20454013116802
2024-11-14 13:51:31.398170,0,132.24640577972718,2048,Sha256,0.4250450134277344,0.547307014465332,1300,2500,6.370955652717052,-7.989713460337289
2024-11-14 13:56:59.819919,0,136.9858461752897,2048,Sha1,0.4452629089355469,0.5479450225830078,1200,1500,6.602061211742662,-12.981115318550906
2024-11-14 14:02:28.027275,0,141.69001075249028,1024,Sha224,0.2953779697418213,0.5269238948822021,1607,2500,6.541036851967521,-17.453349469081825
2024-11-14 14:07:56.263559,1,113.57658953014423,1024,Sha512,0.2528989315032959,0.5278370380401611,1400,3000,7.0159900062460965,10.226684494066209
2024-11-14 14:13:24.943203,1,128.42151771324416,2048,Sha224,0.48740696907043457,0.6367850303649902,1607,1000,7.625983760149907,-5.571693472829481
2024-11-14 14:18:53.411133,1,146.5830765446896,3072,Sha224,0.491563081741333,0.5987110137939453,1500,1000,7.32311055590256,-23.39646119612742
2024-11-14 14:24:20.939460,1,144.91728240837537,1024,Sha256,0.273205041885376,0.3790550231933594,1400,500,6.6522173641474085,-20.6217598376015
2024-11-14 14:29:49.688399,1,110.25557327660674,4096,Sha512,0.6851730346679688,0.7686560153961182,1400,3000,7.852467207995002,12.038130465334167
2024-11-14 14:35:17.092915,1,137.02465758916367,2048,Sha512,0.35946011543273926,0.46718811988830566,1607,3000,6.9898813241723925,-13.241187148657088
2024-11-14 14:40:44.417350,1,134.64566146545602,4096,Sha512,0.6275930404663086,0.718937873840332,1400,3000,7.1399750156152395,-11.532167395377888
2024-11-14 14:46:12.015217,1,133.75527336354708,2048,Sha512,0.3375990390777588,0.44026899337768555,1200,3000,7.820986883198002,-10.754128279200499
2024-11-14 14:51:39.824028,1,96.6940888913552,3072,Sha256,0.5714080333709717,0.6998879909515381,1607,500,7.83841349156777,25.796201592754528
2024-11-14 14:57:08.495182,1,117.27920397279561,3072,Sha1,0.4564650058746338,0.5403518676757812,1607,500,7.956777014366021,5.367202139287945
2024-11-14 15:02:36.327890,1,132.37002708868712,2048,Sha224,0.2529489994049072,0.4615628719329834,1607,1000,7.8574640849469075,-9.342003044971893
2024-11-14 15:08:04.047353,1,148.54276656776872,1024,Sha512,0.22630882263183594,0.3065218925476074,1400,3000,7.818301061836354,-25.29389834478451
2024-11-14 15:13:31.875214,1,183.56001502804875,4096,Sha512,0.5654928684234619,0.6244218349456787,1400,3000,7.576764522173641,-60.7266942535915
2024-11-14 15:18:59.553553,1,83.88334248266987,4096,Sha224,0.6133589744567871,0.7124490737915039,1400,1500,7.113366645846346,39.27748282323548
2024-11-14 15:24:26.788476,1,128.48295244610662,1024,Sha512,0.28528499603271484,0.33539700508117676,1200,3000,6.902810743285446,-4.406445190505933
2024-11-14 15:29:53.788632,1,149.17290564682395,4096,Sha384,0.589163064956665,0.6533708572387695,1400,2500,6.486383510306059,-25.301823079325423
2024-11-14 15:35:20.964715,1,118.82674116730912,1024,Sha256,0.21241998672485352,0.2688767910003662,1300,500,6.691068082448468,5.600893972517177
2024-11-14 15:40:48.368680,1,121.29937727893612,3072,Sha512,0.5980689525604248,0.7833099365234375,1607,3000,7.218051217988756,1.7011926139912554
2024-11-14 15:46:15.406981,1,149.9724566905518,1024,Sha512,0.2759420871734619,0.3796091079711914,1400,500,7.02579637726421,-26.05380426296065
2024-11-14 15:51:43.413057,1,130.89293414180838,3072,Sha224,0.5016140937805176,0.5959811210632324,1607,1000,7.523235477826359,-7.913764834478451
2024-11-14 15:57:11.605073,2,128.44531150879823,4096,Sha256,0.6341049671173096,0.7737319469451904,1400,500,7.155902560899437,-5.4090509837601495
2024-11-14 16:02:39.411738,2,137.62215015031936,3072,Sha512,0.4459269046783447,0.5270919799804688,1607,3000,6.734228607120549,-13.729397642098688
2024-11-14 16:08:07.364657,2,92.49534408100541,4096,Sha224,0.8482320308685303,1.0046210289001465,1400,1000,6.958525921299188,30.798983057464085
2024-11-14 16:13:34.978860,2,152.10608021791546,2048,Sha224,0.3286900520324707,0.42739009857177734,1607,1500,7.485946283572767,-28.748106652092442
2024-11-14 16:19:02.594743,2,72.7191112585026,3072,Sha256,0.4972209930419922,0.6132469177246094,1607,500,7.163397876327295,50.6070229544035
2024-11-14 16:24:30.631928,2,144.72440980923767,3072,Sha256,0.4649331569671631,0.5764069557189941,1607,500,7.5114928169893815,-21.67724273891318
2024-11-14 16:29:57.729556,2,130.42430279578068,3072,Sha512,0.48356103897094727,0.6464049816131592,1607,3000,6.676577139287946,-6.630845955652717
2024-11-14 16:35:25.324489,2,138.41934209370302,4096,Sha256,0.652911901473999,0.7889928817749023,1400,500,7.2263585259213,-15.487605402873204
2024-11-14 16:40:53.013733,2,87.8970474596101,3072,Sha224,0.5795650482177734,0.7666690349578857,1607,1500,7.450156152404747,34.90656230480949
2024-11-14 16:46:21.419918,2,76.20834373373452,4096,Sha256,0.6592779159545898,0.7589027881622314,1400,500,8.380886945658963,45.59258861648969
2024-11-14 16:51:50.335729,2,118.9171562846194,4096,Sha512,1.8030850887298584,2.924468994140625,1400,3000,7.830605871330418,6.379791926920674
2024-11-14 16:57:19.047960,2,93.8287639293873,4096,Sha512,0.5456650257110596,0.6113650798797607,1400,3000,7.636789506558401,28.97741645846346
2024-11-14 17:02:47.828426,2,125.23765885792696,4096,Sha512,0.606348991394043,0.6496679782867432,1400,3000,7.640287320424735,-2.5339631480324796
2024-11-14 17:08:16.404250,2,112.04882440367464,4096,Sha224,0.628464937210083,0.6838130950927734,1400,1500,7.74366021236727,10.495237351655215
2024-11-14 17:13:43.813354,2,168.5552214399418,2048,Sha224,0.3457210063934326,0.39136314392089844,1200,1500,6.934041224234854,-44.626346814490944
2024-11-14 17:19:10.677691,2,142.61886169390706,4096,Sha512,0.5871109962463379,0.6632418632507324,1400,3000,6.479575265459089,-18.74878981886321
2024-11-14 17:24:37.404822,2,143.81309753783717,3072,Sha224,0.43454909324645996,0.5183570384979248,1607,1500,6.80630855715178,-19.97231222673329
2024-11-14 17:30:04.799680,2,108.75726090064278,4096,Sha256,0.6353399753570557,0.6964430809020996,1400,500,6.500874453466584,15.010081589631481
2024-11-14 17:35:31.868670,2,132.59864924846033,2048,Sha512,0.3028709888458252,0.3706319332122803,1607,3000,6.794128669581513,-8.466280840099937
2024-11-14 17:40:59.711780,2,142.26542539447644,4096,Sha224,0.5928459167480469,0.644556999206543,1400,1000,6.86689569019363,-18.76972400062461
2024-11-14 17:46:27.411647,3,135.4106170286468,4096,Sha224,0.6351568698883057,0.7075228691101074,1400,1500,7.551467832604622,-12.704764600249844
2024-11-14 17:51:54.641514,3,87.0250678274201,3072,Sha512,0.5384659767150879,0.7643101215362549,1607,3000,6.600437226733292,36.67171884759525
2024-11-14 17:57:22.388311,3,134.55083400165194,3072,Sha224,0.38428401947021484,0.4798140525817871,1607,1500,7.59319175515303,-11.408123828856965
2024-11-14 18:02:49.632351,3,152.7360660106521,3072,Sha224,0.43835020065307617,0.7103140354156494,1607,1500,7.105309181761399,-29.390039428482197
2024-11-14 18:08:17.571010,3,122.60890917813755,3072,Sha224,0.5307250022888184,0.6870620250701904,1607,3000,8.004497189256716,-0.2311933947532792
2024-11-14 18:13:46.399958,3,148.19910655176545,4096,Sha224,0.63065505027771,0.7140469551086426,1400,1500,8.141099312929418,-26.0849078700812
2024-11-14 18:19:14.998935,3,128.30673135388724,4096,Sha224,0.5445170402526855,0.7172420024871826,1400,1500,7.627045596502186,-5.595535993129294
2024-11-14 18:24:43.132049,3,133.07594408613681,4096,Sha512,0.6159710884094238,0.6855871677398682,1400,3000,7.743285446595878,-10.520787788881949
2024-11-14 18:30:10.739658,3,118.4598525166437,4096,Sha224,0.6997008323669434,0.8603048324584961,1400,1500,8.139412866958152,3.561338616489694
2024-11-14 18:35:38.466096,3,121.18510261088292,3072,Sha256,0.4378490447998047,0.5224320888519287,1607,500,8.044784509681449,1.4098317457838851
2024-11-14 18:41:05.943532,3,145.66555114733586,3072,Sha224,0.4599759578704834,0.605597972869873,1607,1000,7.099687695190506,-22.23081277326671
2024-11-14 18:46:33.657284,3,138.83983260347725,4096,Sha224,0.4998149871826172,0.5238869190216064,1400,1500,6.832479700187382,-15.096014209868832
2024-11-14 18:52:01.266814,3,55.54626669091481,3072,Sha224,0.5521650314331055,0.7801148891448975,1607,1500,7.5637101811367895,67.15774320737039
2024-11-14 18:57:29.092174,3,121.0681271075011,3072,Sha256,0.4532041549682617,0.5447700023651123,1607,500,7.932292317301686,1.6016064178638352
2024-11-14 19:02:56.553855,3,117.36718205938034,3072,Sha224,0.4904811382293701,0.6672801971435547,1607,1500,7.610805746408496,5.464250858838226
2024-11-14 19:08:23.924847,3,91.47463867085044,3072,Sha256,0.4820730686187744,0.6617591381072998,1607,500,7.327670206121173,31.653858916302312
2024-11-14 19:13:51.376933,3,100.56111571397132,3072,Sha256,0.5068910121917725,0.6242129802703857,1607,500,7.446408494690817,22.461371798875703
2024-11-14 19:19:18.793775,3,63.96572608313361,3072,Sha224,0.43910694122314453,0.5674030780792236,1607,1500,7.524547158026233,59.103216739537785
2024-11-14 19:24:46.126252,3,133.39169151167957,3072,Sha384,0.4613521099090576,0.541856050491333,1607,500,7.214303560274828,-10.009203232354778
2024-11-14 19:30:13.210749,3,88.64568388776284,3072,Sha256,0.5312440395355225,0.7120730876922607,1607,500,7.511367895065583,34.199631089943786
2024-11-14 19:35:40.533456,4,113.29674247646987,3072,Sha224,0.4845848083496094,0.610584020614624,1607,1500,7.417489069331667,9.790599625234229
2024-11-14 19:41:07.985490,4,101.89525260710849,3072,Sha256,0.4464390277862549,0.5700061321258545,1607,1500,8.257214241099312,20.431087991880077
2024-11-14 19:46:35.385648,4,127.91523899576352,3072,Sha224,0.38610410690307617,0.48874902725219727,1607,1500,7.677763897564023,-4.867856027482823
2024-11-14 19:52:02.539282,4,128.4064261165133,3072,Sha512,0.39353418350219727,0.4866340160369873,1607,3000,7.230605871330419,-4.9172001873828854
2024-11-14 19:57:30.236416,4,126.62770473065038,3072,Sha224,0.44515013694763184,0.5831179618835449,1607,1500,8.079138038725796,-4.13511086820737
2024-11-14 20:02:58.026733,4,147.16941997148632,3072,Sha224,0.41900205612182617,0.5379970073699951,1607,1500,8.305121798875703,-24.83154083385384
2024-11-14 20:08:25.221808,4,144.95191799469998,3072,Sha256,0.5071780681610107,0.5936639308929443,1607,500,7.3482823235477825,-21.801042317301686
2024-11-14 20:13:52.358582,4,152.2930324012678,3072,Sha512,0.43732404708862305,0.5424749851226807,1607,3000,7.197064334790756,-28.86989576826983
2024-11-14 20:19:19.852907,4,99.82133707943593,3072,Sha256,0.5323810577392578,0.6766691207885742,1607,500,7.453279200499687,23.11633354153654
2024-11-14 20:24:47.125458,4,98.70326467963176,3072,Sha224,0.48014307022094727,0.6073870658874512,1607,1500,7.388881948782012,24.420323235477827
2024-11-14 20:30:14.303062,4,140.60254503609912,3072,Sha224,0.3658268451690674,0.4384949207305908,1607,1500,7.071705184259837,-16.87857198625859
2024-11-14 20:35:41.426647,4,141.20038294470515,3072,Sha256,0.459644079208374,0.5997071266174316,1607,500,7.144909431605247,-17.804643582136165
2024-11-14 20:41:09.151800,4,141.06452118759228,3072,Sha512,0.41678905487060547,0.5595118999481201,1607,3000,7.186071205496566,-17.626893347907558
2024-11-14 20:46:37.703018,4,155.78602701978787,3072,Sha256,0.43366503715515137,0.5636601448059082,1607,500,7.169893816364772,-32.35324601811368
2024-11-14 20:52:04.886981,4,149.440329754643,3072,Sha512,0.5747201442718506,0.7298829555511475,1607,3000,6.995565271705183,-26.140498126171142
2024-11-14 20:57:32.179643,4,135.1375048984073,3072,Sha256,0.4176750183105469,0.4906020164489746,1607,500,7.199312929419113,-11.645094862585884
2024-11-14 21:02:59.632107,4,155.22617486120387,3072,Sha224,0.4184858798980713,0.5392789840698242,1607,1500,7.476764522173641,-32.060704247345406
2024-11-14 21:08:26.918465,4,150.04233577515024,3072,Sha256,0.45624518394470215,0.5299441814422607,1400,500,7.004934415990006,-26.433459556527172
2024-11-14 21:13:54.180798,4,127.4964981615506,3072,Sha512,0.41336679458618164,0.5538218021392822,1607,3000,7.174141161773891,-4.037827920049969
2024-11-14 21:19:21.426919,4,111.5877266035908,4096,Sha256,0.5907449722290039,0.7480099201202393,1400,500,6.937601499063085,11.735917004996876
2024-11-14 21:24:48.668680,5,152.59355863741533,3072,Sha256,0.3808448314666748,0.46628594398498535,1607,1500,7.319425359150531,-29.16011477201749
2024-11-14 21:30:14.808711,5,124.36857659434021,3072,Sha224,0.39218592643737793,0.4717249870300293,1607,1500,6.410181136789507,-0.0426686445971268
2024-11-14 21:35:42.160758,5,98.54028008611108,3072,Sha224,0.4438929557800293,0.554826021194458,1607,2500,7.870143660212366,24.19085727670206
2024-11-14 21:41:09.321580,5,142.2277708507493,3072,Sha512,0.41397809982299805,0.5455441474914551,1607,3000,8.54834478450968,-20.13563788257339
2024-11-14 21:46:36.778668,5,122.9129668394228,3072,Sha224,0.48345398902893066,0.6839859485626221,1607,1500,8.619237976264836,-1.0996447532792004
2024-11-14 21:52:04.710486,5,104.98119305834629,3072,Sha256,0.39954209327697754,0.5234360694885254,1607,1500,9.038788257339164,16.657040521549032
2024-11-14 21:57:33.420508,5,138.94518492979827,4096,Sha224,0.613239049911499,0.7190861701965332,1400,1500,8.36783260462211,-17.04534275452842
2024-11-14 22:03:01.688281,5,107.86962175827932,3072,Sha256,0.4542210102081299,0.5421960353851318,1607,500,7.989943785134292,14.744017410993129
2024-11-14 22:08:29.711819,5,139.22855680684313,4096,Sha224,0.5893838405609131,0.7183198928833008,1400,1500,7.722361024359775,-16.658621564647095
2024-11-14 22:13:58.149650,5,138.84043121093666,3072,Sha256,0.4679551124572754,0.5638771057128906,1607,500,7.854278575890069,-16.126542004996878
2024-11-14 22:19:25.984560,5,129.31385008655886,3072,Sha224,0.44360899925231934,0.5444049835205078,1607,1500,7.691630231105559,-6.393494300437227
2024-11-14 22:24:54.184193,5,110.30023171518981,3072,Sha512,0.5669529438018799,0.690302848815918,1607,3000,8.03529044347283,12.00722204871955
2024-11-14 22:30:22.004512,5,122.08351521492004,3072,Sha512,0.5266048908233643,0.6117548942565918,1607,3000,7.639163023110555,0.7389619768894441
2024-11-14 22:35:50.123294,5,129.21542526548316,3072,Sha256,0.4700779914855957,0.5736258029937744,1607,1500,8.33479075577764,-6.9939198157401625
2024-11-14 22:41:18.206152,5,122.94505399984543,3072,Sha256,0.46892595291137695,0.5723040103912354,1607,500,7.616926920674579,-0.003210883822610868
2024-11-14 22:46:46.621513,5,120.58347656978509,4096,Sha256,0.6317088603973389,0.757565975189209,1400,1500,8.066895690193629,1.5603529044347284
2024-11-14 22:52:14.692655,5,124.36618641249318,3072,Sha224,0.42406511306762695,0.5845201015472412,1607,1500,8.174391005621485,-1.949162632729544
2024-11-14 22:57:42.854600,5,125.9608670282632,3072,Sha224,0.4931671619415283,0.6330461502075195,1607,1500,8.012929419113055,-3.500009759525297
2024-11-14 23:03:10.898541,5,119.57946688373859,3072,Sha512,0.4719429016113281,0.9290390014648438,1607,3000,8.008806995627733,2.8688222204871954
2024-11-14 23:08:38.680913,5,127.57631944147666,1024,Sha256,0.32734203338623047,0.5079250335693359,1607,1500,7.929668956901936,-4.7412554653341665
2024-11-14 23:14:06.742651,6,132.207785023398,3072,Sha224,0.5268299579620361,0.6647369861602783,1607,2500,7.714740787008119,-9.51409275452842
2024-11-14 23:19:34.879461,6,140.18027699269183,3072,Sha224,0.4056248664855957,0.5671470165252686,1607,1500,8.023797626483447,-17.576846502186132
2024-11-14 23:25:03.012290,6,119.269000135579,4096,Sha224,0.5893411636352539,0.7287800312042236,1400,2500,7.664522173641473,3.3483564959400374
2024-11-14 23:30:30.968597,6,109.89889035883134,3072,Sha256,0.5803780555725098,0.7725429534912109,1607,1500,8.032604622111181,12.315584009993755
2024-11-14 23:35:59.005820,6,115.7842092481276,3072,Sha224,0.39751410484313965,0.581373929977417,1607,1500,7.633416614615865,7.203486102435978
2024-11-14 23:41:27.206140,6,121.14451654873216,3072,Sha224,0.4685690402984619,0.6049890518188477,1607,1500,7.7422860712054975,1.6396392879450343
2024-11-14 23:46:55.185506,6,114.92008129360525,3072,Sha256,0.4437570571899414,0.5571660995483398,1607,1500,7.907183010618363,7.771812539038101
2024-11-14 23:52:23.313696,6,116.78070943863372,4096,Sha224,0.5875411033630371,0.7036361694335938,1400,1500,7.730106183635228,5.798007104934416
2024-11-14 23:57:51.393597,6,138.98985713101567,3072,Sha256,0.3963460922241211,0.5705640316009521,1607,500,7.632916926920674,-15.9896841817614
2024-11-15 00:03:19.753860,6,147.7586935510046,3072,Sha224,0.35926389694213867,0.5079658031463623,1607,2500,8.470768269831355,-25.496691520924422
2024-11-15 00:08:48.014379,6,115.97393916461856,3072,Sha224,0.4929959774017334,0.5866758823394775,1607,1500,8.932417239225485,5.613971736414741
2024-11-15 00:14:15.911006,6,142.84118996473643,3072,Sha256,0.45635414123535156,0.5576889514923096,1607,1500,7.643785134291068,-19.899018191755154
2024-11-15 00:19:44.132928,6,116.08645624429414,3072,Sha224,0.4590470790863037,0.5568819046020508,1607,2500,8.235415365396626,6.262199406620862
2024-11-15 00:25:12.089959,6,128.43308815851876,3072,Sha256,0.4839291572570801,0.5934000015258789,1607,500,7.803560274828232,-5.713977592129919
2024-11-15 00:30:40.052487,6,106.62696282463024,3072,Sha224,0.4291081428527832,0.536505937576294,1607,1500,7.920612117426609,16.086810977514055
2024-11-15 00:36:08.693293,6,118.02266592487999,3072,Sha256,0.4457869529724121,0.5480680465698242,1607,500,7.93841349156777,4.645065584009994
2024-11-15 00:41:36.736361,6,126.25315471568157,3072,Sha224,0.42675089836120605,0.535207986831665,1607,1500,7.922236102435978,-3.537349703310431
2024-11-15 00:47:05.172410,6,112.13404464015805,3072,Sha256,0.4058079719543457,0.5383660793304443,1607,500,8.10693316677077,10.414848141786383
2024-11-15 00:52:33.438306,6,139.75939022319756,3072,Sha224,0.4813549518585205,0.6140389442443848,1607,1500,8.345221736414741,-17.600005855715178
2024-11-15 00:58:01.634143,6,144.75768869070615,3072,Sha224,1.0826349258422852,1.2200100421905518,1607,1500,8.072767020612117,-22.127810743285448
2024-11-15 01:03:30.132616,7,121.19607622577279,3072,Sha256,0.41172289848327637,0.5987339019775391,1607,500,8.338725796377263,1.0547411773891318
2024-11-15 01:08:58.856655,7,105.15359721573944,3072,Sha256,0.42073512077331543,0.500694990158081,1607,500,8.506683322923173,17.018289350405997
2024-11-15 01:14:27.224922,7,104.84548781685051,3072,Sha224,0.45281004905700684,0.5601050853729248,1607,2500,8.27732667083073,17.46427037788882
2024-11-15 01:19:55.493513,7,141.39445310672474,3072,Sha224,0.5348739624023438,0.6387319564819336,1400,2500,8.237476577139288,-19.20553560274828
2024-11-15 01:25:23.881725,7,96.32881510431956,4096,Sha224,0.7211439609527588,0.8084869384765625,1400,2500,8.033853841349156,25.72467403185509
2024-11-15 01:30:52.290797,7,122.50121241000055,4096,Sha224,0.6858959197998047,0.7631571292877197,1607,2500,8.228357276702061,-0.5786227357901311
2024-11-15 01:36:20.574997,7,114.70784064932661,3072,Sha224,0.451556921005249,0.6175270080566406,1607,2500,8.207620237351655,7.6154551842598375
2024-11-15 01:41:48.988021,7,97.80298642724993,3072,Sha256,0.4913921356201172,0.6617250442504883,1607,1500,8.347782635852592,24.29611375702686
2024-11-15 01:47:17.088825,7,129.55513111822762,3072,Sha256,0.4442009925842285,0.5404789447784424,1607,500,7.819050593379138,-6.758861648969394
2024-11-15 01:52:45.448383,7,130.19678590293233,3072,Sha224,0.3599121570587158,0.4325430393218994,1607,2500,7.907682698313555,-7.296923797626484
2024-11-15 01:58:13.594850,7,152.86350103103692,3072,Sha256,0.5106990337371826,0.7392778396606445,1607,500,7.383510306058714,-29.89698821049344
2024-11-15 02:03:41.694331,7,124.68982745557186,3072,Sha256,0.4556238651275635,0.7072188854217529,1607,1500,7.987570268582137,-2.2402404747033104
2024-11-15 02:09:10.293255,7,125.01301840353875,4096,Sha224,0.6963331699371338,0.7771451473236084,1400,1500,8.595252966895691,-3.4817496876951903
2024-11-15 02:14:37.990252,7,126.8251351993282,2048,Sha224,0.34836411476135254,0.45943713188171387,1400,1500,7.710368519675202,-3.743304965646471
2024-11-15 02:20:06.471747,7,113.9658032574853,3072,Sha224,0.4751567840576172,0.58980393409729,1607,1500,8.566708307307932,8.002527717051843
2024-11-15 02:25:34.596867,7,121.18546109872635,4096,Sha256,0.6620819568634033,0.728672981262207,1400,500,7.633978763272954,1.389805199875078
2024-11-15 02:31:03.006247,7,120.83077275391149,4096,Sha256,0.6441831588745117,0.7410731315612793,1400,1500,8.331230480949406,1.0527404747033104
2024-11-15 02:36:31.286815,7,121.42231004382579,3072,Sha224,0.5239999294281006,0.6119778156280518,1607,1500,8.22891942535915,0.8127927857589007
2024-11-15 02:41:59.525331,7,129.7894466699175,3072,Sha224,0.4328768253326416,0.5612590312957764,1607,1500,8.50630855715178,-7.689891083697689
2024-11-15 02:47:27.755682,7,126.48245357898233,4096,Sha256,0.6149890422821045,0.6846740245819092,1400,500,7.678888194878202,-3.861004840724547
2024-11-15 02:52:56.446189,8,138.40445204594224,3072,Sha224,0.3685588836669922,0.5382339954376221,1607,2500,8.843222985633979,-16.554467910680824
2024-11-15 02:58:25.090082,8,149.23054632220249,3072,Sha224,0.4946610927581787,0.6209590435028076,1607,1500,8.612866958151155,-27.359033416614615
2024-11-15 03:03:53.568674,8,141.34630145827063,3072,Sha256,0.36671900749206543,0.5105819702148438,1607,1500,7.932729544034978,-18.55633198001249
2024-11-15 03:09:21.849145,8,140.64473513279168,3072,Sha224,0.45859408378601074,0.597750186920166,1607,2500,8.152717051842599,-18.253796455340414
2024-11-15 03:14:50.238739,8,120.79480549823037,3072,Sha224,0.47427988052368164,0.5979859828948975,1607,2500,8.063522798251093,1.6694058400999376
2024-11-15 03:20:18.624190,8,117.59539448832214,4096,Sha256,0.5496840476989746,0.637408971786499,1400,1500,8.23572767020612,4.5817848219862585
2024-11-15 03:25:46.806100,8,116.17328084681199,3072,Sha224,0.4355740547180176,0.7054681777954102,1607,1500,8.101124297314179,6.1845526233604
2024-11-15 03:31:15.086470,8,122.4954791751971,3072,Sha224,0.5807220935821533,0.700779914855957,1607,2500,7.9070580886945665,-0.08403927232979388
2024-11-15 03:36:43.465976,8,122.95320404658534,4096,Sha224,0.5828709602355957,0.7472069263458252,1400,2500,7.954903185509056,-0.6381851186758276
2024-11-15 03:42:11.867968,8,123.86693731965607,3072,Sha224,0.4118669033050537,0.6099059581756592,1607,2500,8.05427857589007,-1.3429887570268582
2024-11-15 03:47:40.180685,8,125.06803695522643,3072,Sha224,0.436953067779541,0.6406240463256836,1607,2500,7.980512179887571,-2.526126249219238
2024-11-15 03:53:08.568950,8,148.1618502588886,3072,Sha256,0.41564297676086426,0.5055739879608154,1607,1500,8.365396627108057,-25.8484638507183
2024-11-15 03:58:36.984655,8,150.27109031260278,3072,Sha224,0.37218403816223145,0.45464491844177246,1607,1500,8.062960649594004,-27.56087991880075
2024-11-15 04:04:05.409941,8,116.00585324634693,3072,Sha256,0.4880378246307373,0.65035080909729,1607,500,7.792442223610244,6.663315896314804
2024-11-15 04:09:33.467295,8,132.3998638526862,3072,Sha256,0.47038698196411133,0.6115710735321045,1607,500,7.490630855715178,-9.372452763897565
2024-11-15 04:15:01.928129,8,126.12976272485913,4096,Sha256,0.6204838752746582,0.6767599582672119,1400,500,7.748844472204872,-3.5758510306058713
2024-11-15 04:20:30.124966,8,126.53265202886831,4096,Sha256,0.8189609050750732,0.9270148277282715,1400,1500,7.75946283572767,-4.14613913179263
2024-11-15 04:25:58.516406,8,121.34116338325396,3072,Sha224,0.44402480125427246,0.5597310066223145,1607,2500,8.226983135540287,1.0280976733291693
2024-11-15 04:31:26.265031,8,132.34279635868396,3072,Sha256,0.40984511375427246,0.5560581684112549,1607,1500,7.398001249219239,-9.106700890068707
2024-11-15 04:36:54.625723,8,114.81907770828781,3072,Sha256,0.5360920429229736,0.7010939121246338,1607,1500,8.542223610243596,7.001512726420987
2024-11-15 04:42:22.512885,9,131.15014151815026,3072,Sha224,0.4385201930999756,0.5116701126098633,1607,1500,7.910368519675203,-8.410700343535291
2024-11-15 04:47:50.946570,9,156.75197442815426,3072,Sha256,0.4842870235443115,0.5814540386199951,1607,500,7.781074328544659,-33.99878981886321
2024-11-15 04:53:18.857414,9,150.70744939198875,3072,Sha256,0.4103989601135254,0.5182209014892578,1607,500,7.599812617114303,-27.63588187070581
2024-11-15 04:58:46.896197,9,123.79663387866856,3072,Sha224,0.41379618644714355,0.5256021022796631,1607,2500,7.973703935040598,-1.1097361024359775
2024-11-15 05:04:15.600646,9,153.9682570533705,3072,Sha256,0.4355440139770508,0.5469679832458496,1607,1500,8.076951905059339,-31.427720955652717
2024-11-15 05:09:44.538318,9,119.72106232631212,4096,Sha224,0.5468509197235107,0.5919380187988281,1400,2500,8.45683947532792,2.2833092598376017
2024-11-15 05:15:13.546358,9,109.39428819713557,3072,Sha256,0.41587185859680176,0.5100538730621338,1607,500,8.352279825109306,12.92750624609619
2024-11-15 05:20:42.468024,9,118.53033048997887,3072,Sha256,0.38361406326293945,0.46071386337280273,1607,500,8.456964397251717,3.7683771861336663
2024-11-15 05:26:10.995072,9,119.85693880351612,3072,Sha256,0.3923959732055664,0.45485401153564453,1200,1500,8.337976264834479,2.5578349469081822
2024-11-15 05:31:39.529035,9,117.97560662833101,4096,Sha256,0.5845849514007568,0.6804060935974121,1400,500,7.65315427857589,4.706248048094941
2024-11-15 05:37:07.944005,9,117.12424746482988,4096,Sha256,0.6265981197357178,0.8096311092376709,1400,500,7.912304809494065,5.146480715178014
2024-11-15 05:42:36.189807,9,121.15558512980755,3072,Sha256,0.4809548854827881,0.6717438697814941,1607,1500,8.06252342286071,1.2291926920674578
2024-11-15 05:48:04.597810,9,146.40643738607258,4096,Sha256,0.6125919818878174,0.7777929306030273,1400,1500,8.180949406620861,-24.37777170518426
2024-11-15 05:53:33.016098,9,140.96291156333362,4096,Sha256,0.6154458522796631,0.6728000640869141,1400,1500,8.267457838850719,-18.918615318550906
2024-11-15 05:59:01.478734,9,139.5010354036692,4096,Sha256,0.6767308712005615,0.853748083114624,1400,1500,8.439225484072455,-17.763243675827606
2024-11-15 06:04:29.850711,9,140.43475636256483,4096,Sha256,0.6221678256988525,0.6777260303497314,1400,1500,8.43522798251093,-18.569878201124297
2024-11-15 06:09:58.300875,9,115.70206017172538,4096,Sha224,0.7273240089416504,0.8602750301361084,1400,2500,8.414865708931918,6.016025140537164
2024-11-15 06:15:26.589156,9,120.74000583925074,3072,Sha256,0.40419483184814453,0.5503749847412109,1607,1500,8.517239225484072,1.3881851186758276
2024-11-15 06:20:54.964181,9,116.82659848032706,3072,Sha256,0.4590339660644531,0.7353329658508301,1607,3000,8.538913179262961,5.040121408494691
2024-11-15 06:26:23.703105,9,121.95124402323192,4096,Sha256,0.6304428577423096,0.6853649616241455,1400,500,7.997064334790755,0.3358838226108682
2024-11-15 06:31:51.943231,10,117.9981290111089,3072,Sha224,0.47731995582580566,0.5474820137023926,1200,2500,8.467332916926921,4.109736102435978
2024-11-15 06:37:20.099323,10,117.09041079262656,4096,Sha256,0.6079549789428711,0.7032191753387451,1400,1500,7.764896939412867,5.433518113678951
2024-11-15 06:42:48.440534,10,123.50910155292155,4096,Sha256,0.6237590312957764,0.7160561084747314,1400,500,8.049031855090568,-1.2979485477826358
2024-11-15 06:48:16.498642,10,154.9378717931787,4096,Sha256,0.5744030475616455,0.6309969425201416,1400,1500,7.789069331667707,-32.33234111492817
2024-11-15 06:53:44.879117,10,107.57111104620316,3072,Sha256,0.6586518287658691,1.3341000080108643,1607,500,8.357713928794503,14.746623204247346
2024-11-15 06:59:12.870101,10,124.63512639627092,4096,Sha224,0.6308958530426025,0.751986026763916,1400,2500,7.598251093066833,-2.0162593691442847
2024-11-15 07:04:41.134335,10,129.92328151459253,3072,Sha256,0.4172360897064209,0.5135970115661621,1607,1500,8.589069331667707,-7.843183947532792
2024-11-15 07:10:09.217288,10,132.62791914919032,4096,Sha224,0.5955111980438232,0.6524031162261963,1300,2500,7.81948782011243,-10.095321283572767
2024-11-15 07:15:37.565470,10,156.28704391889914,4096,Sha224,0.6741478443145752,0.7592759132385254,1400,2500,8.164959400374766,-34.285427076826984
2024-11-15 07:21:05.754126,10,135.49801144453977,4096,Sha256,0.6366169452667236,0.7274558544158936,1400,500,7.87582760774516,-13.13791185196752
2024-11-15 07:26:33.856991,10,132.5245905499694,4096,Sha224,0.6105201244354248,0.6841390132904053,1400,1500,7.960774515927546,-10.180024203622736
2024-11-15 07:32:02.327809,10,123.89441344167648,3072,Sha224,0.45008420944213867,0.5267410278320312,1607,2500,8.46795752654591,-1.7391962054965646
2024-11-15 07:37:30.715424,10,116.21164577839748,4096,Sha256,0.585791826248169,0.677095890045166,1400,500,7.783385384134916,6.3420811211742665
2024-11-15 07:42:58.977225,10,148.8793216463181,4096,Sha256,0.6557800769805908,0.783574104309082,1400,500,7.802248594628359,-26.520924422236103
2024-11-15 07:48:27.381785,10,146.24686298948168,3072,Sha224,0.4057481288909912,0.5430400371551514,1607,2500,8.271267957526545,-23.86691911305434
2024-11-15 07:53:55.879799,10,152.8021176082354,3072,Sha256,0.4906151294708252,0.6626701354980469,1607,3000,8.249843847595253,-30.6052467207995
2024-11-15 07:59:24.068214,10,121.04466901954304,3072,Sha224,0.9624450206756592,1.111725091934204,1200,2500,8.099375390381011,1.3301257026858213
2024-11-15 08:04:52.659048,10,142.90930485555637,4096,Sha256,0.6662440299987793,0.7624878883361816,1400,1500,8.506683322923173,-21.24472009681449
2024-11-15 08:10:20.907091,10,116.6396005694528,3072,Sha224,0.4507150650024414,0.6215851306915283,1607,2500,8.433978763272954,5.4541204715802625
2024-11-15 08:15:49.514188,10,131.00695142132423,4096,Sha224,1.276681900024414,3.1119918823242188,1400,2500,8.08469706433479,-6.302974703310431
2024-11-15 08:21:18.143998,11,116.65341184644085,4096,Sha256,0.6526839733123779,0.7784099578857422,1400,500,8.049906308557153,5.465587913803873
2024-11-15 08:26:46.371998,11,128.72719432216076,4096,Sha256,0.687082052230835,0.8003261089324951,1400,1500,7.94522173641474,-6.559172001873828
2024-11-15 08:32:15.119444,11,133.86486864792866,3072,Sha256,0.4526548385620117,0.7700018882751465,1607,1500,8.596064959400374,-12.083590334166146
2024-11-15 08:37:43.960609,11,121.77967593001246,4096,Sha256,0.6494040489196777,0.7554628849029541,1400,1500,8.709931292941913,-0.2944741567770144
2024-11-15 08:43:11.210891,11,141.217674993054,4096,Sha224,0.5638530254364014,0.7256901264190674,1400,2500,8.358338538413491,-19.265556683322924
2024-11-15 08:48:39.013440,11,149.1875372619498,3072,Sha256,0.4099280834197998,0.44058704376220703,1200,2500,8.334540911930043,-26.772593301061836
2024-11-15 08:54:06.661016,11,152.95702060086518,3072,Sha256,0.43400001525878906,0.46848320960998535,1200,1500,7.892442223610244,-30.15194604934416
2024-11-15 08:59:34.314869,11,130.8462018418655,4096,Sha224,0.6009140014648438,0.6938409805297852,1400,2500,7.778638351030606,-8.319595174890694
2024-11-15 09:05:02.165349,11,105.65997030587586,4096,Sha224,0.6312580108642578,0.7037279605865479,1400,2500,8.213179262960649,16.39186445971268
2024-11-15 09:10:29.721963,11,125.9751867673458,3072,Sha256,0.39362502098083496,0.5233669281005859,1607,1500,7.950530918176139,-3.242709634603373
2024-11-15 09:15:57.360782,11,39.13542457993964,3072,Sha256,0.38793301582336426,0.4907410144805908,1607,1500,8.210618363522798,156.6247169737664
2024-11-15 09:21:24.909587,11,212.4128240585625,4096,Sha256,0.770097017288208,0.8705401420593262,1607,500,7.736914428482198,-90.04929536227358
2024-11-15 09:26:52.686809,11,134.71720355702223,3072,Sha256,0.6157679557800293,0.6759350299835205,1200,1500,7.837101811367895,-12.246008354153654
2024-11-15 09:32:21.778332,11,135.86671053879263,4096,Sha224,0.9126498699188232,1.0206499099731445,1400,2500,8.403435352904436,-13.936846111805123
2024-11-15 09:37:50.022901,11,117.08360608962832,3072,Sha224,0.6635110378265381,0.7478001117706299,1200,2500,8.148844472204871,4.956238288569644
2024-11-15 09:43:18.723314,11,136.4161434018709,3072,Sha224,0.48340606689453125,0.5529899597167969,1200,1000,7.9479075577763885,-13.800446986258589
2024-11-15 09:48:46.859942,11,171.02668064904915,3072,Sha256,0.5029261112213135,0.6932871341705322,1607,500,8.209056839475329,-48.8319507339163
2024-11-15 09:54:15.390723,11,167.58783507317327,3072,Sha256,0.5703787803649902,0.7179768085479736,1607,500,8.228044971892567,-45.504235633978766
2024-11-15 09:59:44.107395,11,178.01079383387855,3072,Sha256,0.6342520713806152,0.7040581703186035,1200,500,8.196252342286071,-55.945356417863835
2024-11-15 10:05:12.038484,11,98.3980805317809,3072,Sha224,0.47124600410461426,0.6217200756072998,1607,2500,9.050405996252342,23.05854739225484
2024-11-15 10:10:40.151166,12,232.63311194652766,4096,Sha224,0.7275252342224121,0.9068231582641602,1400,2500,8.901686445971267,-111.35550046845721
2024-11-15 10:16:09.090147,12,65.16053918463821,3072,Sha256,0.5208821296691895,0.6654322147369385,1607,2500,8.39637726420987,56.85676920674578
2024-11-15 10:21:38.197572,12,132.34734143198173,3072,Sha224,0.44533205032348633,0.6009340286254883,1607,2500,8.414553404122424,-10.208160915053092
2024-11-15 10:27:06.059129,12,22.118302888768973,3072,Sha256,0.4986259937286377,0.5728509426116943,1400,1500,8.875515302935666,99.53470487195503
2024-11-15 10:32:34.311272,12,182.77301182752845,3072,Sha256,0.40381407737731934,0.48543596267700195,1607,500,8.256464709556527,-60.31872657713929
2024-11-15 10:38:03.407933,12,167.59993685046857,4096,Sha224,1.1877667903900146,1.272040843963623,1400,2500,8.372017489069332,-45.11214670518426
2024-11-15 10:43:31.842122,12,81.11704239472981,4096,Sha256,0.6934309005737305,0.8049650192260742,1400,500,8.266021236727045,40.7284704871955
2024-11-15 10:49:01.455546,12,152.8909287763342,4096,Sha256,0.6980190277099609,0.7899911403656006,1400,500,8.393316677076827,-31.17225562148657
2024-11-15 10:54:30.749947,12,182.01173488600864,3072,Sha224,0.39397406578063965,0.4343090057373047,1200,2500,8.188132417239224,-59.42815037476577
2024-11-15 11:00:00.297160,12,192.6625785653998,4096,Sha224,0.6895060539245605,0.7610809803009033,1400,2500,7.99156777014366,-70.5047333697689
2024-11-15 11:05:29.295797,12,117.88074833883636,3072,Sha224,0.6285099983215332,0.9266810417175293,1607,2500,8.292754528419739,4.124668176139912
2024-11-15 11:10:57.121848,12,228.49494143780288,3072,Sha224,0.4941568374633789,0.5766379833221436,1200,2500,8.467645221736415,-106.4333814803248
2024-11-15 11:16:25.415135,12,145.50708183491702,3072,Sha1,0.532336950302124,0.6718358993530273,1607,1500,7.584697064334791,-22.695951748906932
2024-11-15 11:21:53.351031,12,64.37973343398257,3072,Sha256,0.374237060546875,0.4065561294555664,1607,1500,7.318113678950655,59.121359697064335
2024-11-15 11:27:21.420296,12,144.65408951326285,3072,Sha224,0.37691783905029297,0.413179874420166,1607,2500,6.877763897564022,-20.721951124297313
2024-11-15 11:32:50.001129,12,230.8567093734515,3072,Sha224,0.35945606231689453,0.4015500545501709,1607,2500,6.6893816364772025,-106.70709712679576
2024-11-15 11:38:18.080913,12,24.868122336091588,4096,Sha256,0.5011458396911621,0.5277278423309326,1400,1500,6.872204871955029,98.83079910993129
2024-11-15 11:43:45.645552,12,257.6656496921232,3072,Sha256,0.38651204109191895,0.4206111431121826,1607,1500,7.316239850093691,-134.189012726421
2024-11-15 11:49:13.038308,12,51.83708605590572,3072,Sha256,0.4287998676300049,0.48801398277282715,1200,1500,8.141286695815117,70.70481339787632
2024-11-15 11:54:41.672562,12,111.1888876812522,3072,Sha512,0.4458169937133789,0.6062541007995605,1607,2500,8.680324797001875,10.67871642723298
2024-11-15 12:00:10.016765,13,176.53857480143844,3072,Sha256,1.2589969635009766,1.380864143371582,1400,1500,8.3842598376015,-53.8829735321674
2024-11-15 12:05:38.117149,13,177.9416916741199,3072,Sha256,0.4855518341064453,0.5807690620422363,1400,1500,8.004434728294816,-55.4124472985634
2024-11-15 12:11:06.334971,13,155.48215745405284,3072,Sha256,0.5382871627807617,0.7572431564331055,1400,1500,8.434478450968145,-33.612166224234855
2024-11-15 12:16:33.850185,13,137.85222218532553,1024,Sha256,0.25307488441467285,0.3358159065246582,1400,1500,7.735352904434728,-14.576465880699562
2024-11-15 12:22:02.166954,13,23.44418612321715,3072,Sha256,0.4421861171722412,0.5412120819091797,1400,2500,8.609369144284821,98.56304653341661
2024-11-15 12:27:30.075254,13,265.44951248234474,3072,Sha256,0.49158406257629395,0.6781589984893799,1607,1500,7.849156777014366,-142.86841232042474
2024-11-15 12:32:57.897894,13,194.61381118742847,3072,Sha256,0.429872989654541,0.49320292472839355,1400,1500,7.765896314803248,-71.70278341661462
2024-11-15 12:38:25.570519,13,138.60546379553986,4096,Sha256,0.6183369159698486,0.6732499599456787,1400,1500,7.139287945034353,-15.436338616489694
2024-11-15 12:43:53.918227,13,23.510720780877158,4096,Sha256,0.6485898494720459,0.7084848880767822,1400,1500,8.195128044971893,98.53707643660212
2024-11-15 12:49:21.941578,13,61.47393084617795,4096,Sha256,0.5911369323730469,0.7118899822235107,1400,1500,7.819050593379138,61.00399164584635
2024-11-15 12:54:49.767938,13,256.0053469119409,4096,Sha256,0.6201088428497314,0.6773159503936768,1400,1500,7.373079325421611,-133.07585103060586
2024-11-15 13:00:18.076583,13,46.471022733370255,3072,Sha256,0.4464869499206543,0.5103869438171387,1400,1500,8.078138663335416,76.09396470955653
2024-11-15 13:05:46.598420,13,54.97420561949511,3072,Sha256,0.402144193649292,0.5185420513153076,1607,1500,8.154778263585259,67.55032987195503
2024-11-15 13:11:14.810966,13,84.73088094876901,3072,Sha256,0.6648919582366943,0.758857011795044,1200,1500,8.231480324797001,37.213889756402246
2024-11-15 13:16:43.259991,13,128.97122521486827,4096,Sha256,0.6447868347167969,0.7149100303649902,1400,1500,7.885821361648969,-6.6167434415990005
2024-11-15 13:22:11.525703,13,36.81359864511316,3072,Sha256,0.459522008895874,0.5402050018310547,1400,1500,8.452966895690194,85.33370744846971
2024-11-15 13:27:39.684726,13,178.41457673164552,3072,Sha256,0.43584108352661133,0.595289945602417,1400,1500,7.880137414116176,-55.725845174890694
2024-11-15 13:33:08.252588,13,185.54114878271463,4096,Sha256,0.6049370765686035,0.7423510551452637,1400,1500,8.378138663335415,-63.6665755777639
2024-11-15 13:38:36.827290,13,71.55548959743373,4096,Sha512,0.5997369289398193,0.6936960220336914,1400,2500,8.40262336039975,50.348454091193005
2024-11-15 13:44:05.153738,13,77.18793673705935,3072,Sha256,0.476315975189209,0.6625020503997803,1607,1500,8.646908182386008,44.626337054965646
2024-11-15 13:49:33.851988,14,111.46261009362843,4096,Sha512,0.6486959457397461,0.7178359031677246,1400,2500,8.639787632729545,10.13107042473454
2024-11-15 13:55:02.312795,14,127.19001575111969,4096,Sha512,0.6140329837799072,0.7315130233764648,1400,2500,8.511492816989383,-5.447054575265459
2024-11-15 14:00:30.411466,14,210.41740001276986,3072,Sha256,0.44330906867980957,0.57784104347229,1400,1500,8.423922548407246,-88.26247267332917
2024-11-15 14:05:59.308279,14,163.81009158748603,4096,Sha256,0.602571964263916,0.7540349960327148,1400,1500,8.736227357901312,-42.30292590568395
2024-11-15 14:11:27.141974,14,181.52688478899333,3072,Sha256,0.5015289783477783,0.6425418853759766,1500,1500,7.261648969394129,-58.332604622111184
2024-11-15 14:16:55.137548,14,55.40275270180878,4096,Sha256,0.7102329730987549,0.7845041751861572,1400,2500,7.717988757026858,66.98452139287944
2024-11-15 14:22:23.024830,14,180.60181947823693,4096,Sha256,0.6027228832244873,0.665212869644165,1400,2500,7.632542161149282,-57.90229739225484
2024-11-15 14:27:51.285266,14,145.99961708576365,3072,Sha256,0.4332280158996582,0.5137410163879395,1400,1500,8.381386633354154,-23.72797275140537
2024-11-15 14:33:19.234091,14,228.23186763653825,3072,Sha512,0.4337160587310791,0.5894229412078857,1400,2500,8.065021861336664,-105.72002849781387
2024-11-15 14:38:47.261435,14,242.20834994899863,4096,Sha256,0.623805046081543,0.7445080280303955,1400,1500,8.061086820737039,-120.03774984384759
2024-11-15 14:44:15.309915,14,74.15443654921113,4096,Sha256,0.656541109085083,0.6921122074127197,1200,1500,7.924547158026234,48.172362976264836
2024-11-15 14:49:43.758121,14,142.83230560390302,4096,Sha256,0.6544070243835449,0.7485368251800537,1400,1500,8.301811367895066,-20.937060821361648
2024-11-15 14:55:11.626561,14,176.3673992402996,3072,Sha512,0.41643309593200684,0.5303189754486084,1400,2500,7.609806371018115,-53.323957682698314
2024-11-15 15:00:40.287029,14,64.30574071542833,4096,Sha256,0.5896310806274414,0.6726481914520264,1400,1500,8.803997501561524,182.77201748906933
2024-11-15 15:06:08.649700,14,121.43429208075828,3072,Sha256,0.4754209518432617,0.5605828762054443,1400,1500,8.54840724547158,0.5812968457214241
2024-11-15 15:11:37.301513,14,158.17364669403088,1024,Sha256,0.2672879695892334,0.361799955368042,1400,2500,8.517801374141161,-35.720535993129296
2024-11-15 15:17:05.601370,14,56.605700613185064,4096,Sha512,0.546097993850708,0.6327989101409912,1400,2500,7.905434103685197,65.90996837913804
2024-11-15 15:22:33.819898,14,50.43217499609071,4096,Sha512,0.672292947769165,0.8888897895812988,1400,2500,7.938163647720175,71.84625819800125
2024-11-15 15:28:02.425507,14,160.24177072779372,4096,Sha256,1.26277494430542,1.3347890377044678,1400,1500,7.525234228607122,-36.769440974391
2024-11-15 15:33:30.815321,14,163.39662705313634,3072,Sha256,0.38748598098754883,0.5101971626281738,1400,2500,7.19787632729544,-39.89218652404747
2024-11-15 15:38:59.520886,15,145.55164490294115,4096,Sha384,0.7634069919586182,0.8369600772857666,1400,2500,7.4698313554028735,-22.947923173016864
2024-11-15 15:44:28.154128,15,54.8572188032485,4096,Sha256,0.5947878360748291,0.7046220302581787,1400,2500,7.313803872579638,68.12956745783885
2024-11-15 15:49:56.710338,15,216.04654645309236,4096,Sha256,0.6106441020965576,0.742218017578125,1400,2500,7.4788257339163025,-93.27823430668332
2024-11-15 15:55:25.226380,15,159.7489515132118,4096,Sha512,0.6351149082183838,0.7754979133605957,1400,2500,7.0813241723922555,-36.640888507183014
2024-11-15 16:00:53.409793,15,30.850440372458706,4096,Sha256,0.6288700103759766,0.7579729557037354,1400,2500,6.981324172392254,147.61860751093067
2024-11-15 16:06:21.716231,15,119.46474342096008,4096,Sha512,0.6038401126861572,0.7007930278778076,1400,2500,7.099625234228607,3.7309982042473453
2024-11-15 16:11:50.138647,15,159.80678425829984,4096,Sha256,0.5606508255004883,0.624046802520752,1200,2500,7.5816989381636475,-36.9731808244847
2024-11-15 16:17:18.954413,15,40.226998764391915,4096,Sha256,0.6015839576721191,0.6533777713775635,1400,1500,8.43266708307308,81.68537242348532
2024-11-15 16:22:47.195078,15,245.6615051223962,4096,Sha256,0.6909840106964111,0.8905220031738281,1400,2500,7.334790755777639,-122.79675788569644
2024-11-15 16:28:15.526368,15,70.37929098431873,4096,Sha256,0.6151349544525146,0.7516019344329834,1400,2500,7.2886321049344165,52.56534002186134
2024-11-15 16:33:43.738264,15,206.02679578744198,1024,Sha512,0.26529383659362793,0.34876179695129395,1400,2500,7.607620237351655,-82.64847165833854
2024-11-15 16:39:11.792746,15,108.41213628282256,4096,Sha256,0.6236510276794434,0.7605431079864502,1400,2500,7.021111805121798,14.782557776389757
2024-11-15 16:44:40.286317,15,99.525728764257,4096,Sha256,0.6778390407562256,0.7809770107269287,1400,1500,7.597126795752654,23.018328388507182
2024-11-15 16:50:08.460109,15,222.3736334600276,4096,Sha512,0.6989350318908691,0.745063066482544,1200,2500,7.200749531542786,-99.41838108994378
2024-11-15 16:55:36.519165,15,160.53343489225176,4096,Sha256,0.5874569416046143,0.6972179412841797,1400,1500,7.4162398500936915,-37.63434962523423
2024-11-15 17:01:04.537413,15,27.713155277098515,4096,Sha512,0.5991060733795166,0.6328530311584473,1200,2500,7.359337913803872,95.29554770455965
2024-11-15 17:06:32.546455,15,43.894332329591016,4096,Sha256,0.7480878829956055,0.8440968990325928,1400,2500,7.503060587133041,78.69861609931293
2024-11-15 17:12:00.481122,15,110.90536196468622,3072,Sha512,0.5814828872680664,0.7083768844604492,1400,2500,7.4221111805121796,11.98266708307308
2024-11-15 17:17:29.248103,15,83.32173306362692,4096,Sha512,0.6224949359893799,0.7273678779602051,1400,2500,8.178950655840099,38.74945346658338
2024-11-15 17:22:58.041804,15,133.92812958106185,4096,Sha512,0.5557458400726318,0.6055569648742676,1400,2500,7.753091817613992,-11.242524203622736
2024-11-15 17:28:26.724657,16,200.54190337507526,4096,Sha256,0.5854129791259766,0.6802589893341064,1400,2500,7.675515302935665,-77.88309064647096
2024-11-15 17:33:55.226165,16,165.00965144072825,4096,Sha256,0.6153590679168701,0.8103790283203125,1400,2500,7.476514678326046,-42.29114615865085
2024-11-15 17:39:23.908280,16,197.7395350379992,4096,Sha256,0.5740768909454346,0.6918690204620361,1400,2500,7.438600874453467,-74.8440818238601
2024-11-15 17:44:52.458542,16,142.18033305244995,4096,Sha256,0.6226060390472412,0.7339890003204346,1400,1500,7.775702685821361,-19.712630777638974
2024-11-15 17:50:21.009388,16,112.66520455269274,4096,Sha256,0.6500289440155029,0.7459099292755127,1400,2500,7.637164272329793,9.901692301686445
2024-11-15 17:55:49.494260,16,122.46628589454403,4096,Sha256,0.6667270660400391,0.7208869457244873,1400,1500,7.442910680824483,0.30318941286695816
2024-11-15 18:01:17.807543,16,121.87141690039769,4096,Sha256,0.6477270126342773,0.7800538539886475,1400,2500,7.119675202998127,1.1811270299812617
2024-11-15 18:06:46.070042,16,125.91125236716142,4096,Sha256,0.6661708354949951,0.9049899578094482,1400,1500,7.245596502186134,-2.9180297470331045
2024-11-15 18:12:14.375189,16,78.39513585437915,4096,Sha256,0.6178848743438721,1.1562788486480713,1400,1500,7.366770768269831,44.77648735165521
2024-11-15 18:17:42.809935,16,11.476661874710368,4096,Sha256,0.6073050498962402,0.6836509704589844,1400,1500,7.449281698938163,111.38310040599625
2024-11-15 18:23:11.290004,16,127.16603833266453,4096,Sha256,0.6305279731750488,0.7782189846038818,1400,1500,7.389069331667708,-4.36385462211118
2024-11-15 18:28:39.620294,16,98.71997845960661,4096,Sha256,0.6065819263458252,0.6778841018676758,1400,2500,7.695190505933791,23.900365006246098
2024-11-15 18:34:08.897167,16,167.11359096163147,4096,Sha256,0.6144249439239502,0.6890339851379395,1400,1500,8.62941911305434,-45.44646900374766
2024-11-15 18:39:37.608263,16,173.68093959762484,4096,Sha256,0.6147990226745605,0.7017199993133545,1400,2500,8.081948782011242,-51.47940740162399
2024-11-15 18:45:05.871675,16,187.87492135603082,4096,Sha256,0.651054859161377,0.7562048435211182,1400,2500,7.330106183635228,-65.01228724234853
2024-11-15 18:50:34.295144,16,70.21010434873247,4096,Sha256,0.6712241172790527,0.7885360717773438,1400,2500,7.742723297938788,52.18741216427233
2024-11-15 18:56:02.779559,16,128.65188590585257,4096,Sha256,0.6615419387817383,0.7457890510559082,1400,1500,7.621611492816989,-6.080828388507183
2024-11-15 19:01:30.478780,16,74.75608820274871,4096,Sha256,0.6157159805297852,0.681920051574707,1400,2500,6.696689569019362,48.84958619612742
2024-11-15 19:06:59.002449,16,76.42229925455858,4096,Sha256,0.6472928524017334,0.7209060192108154,1400,2500,7.7908806995627735,46.01862117426608
2024-11-15 19:12:27.049348,16,90.23229075526535,4096,Sha256,0.6109778881072998,0.6898200511932373,1400,1500,7.374453466583385,32.69245783885072
2024-11-15 19:17:54.891273,17,200.2675547061601,4096,Sha256,0.6190860271453857,0.706636905670166,1400,1500,7.138163647720176,-77.13144128669582
2024-11-15 19:23:22.847880,17,114.1918026736198,4096,Sha256,0.6236209869384766,0.7190821170806885,1400,1500,7.191880074953155,8.87361414740787
2024-11-15 19:28:51.126535,17,182.73196448907493,4096,Sha256,0.579556941986084,0.6502368450164795,1400,1500,7.258713304184885,-59.62047158026233
2024-11-15 19:34:19.494466,17,175.67827593733713,4096,Sha256,0.657365083694458,0.7346451282501221,1400,1500,8.033978763272954,-53.50426491255465
2024-11-15 19:39:47.524218,17,204.8608801093867,4096,Sha256,0.602790117263794,0.6603050231933594,1400,2500,7.285821361648969,-81.80979661149281
2024-11-15 19:45:16.387157,17,168.97390374529743,4096,Sha256,0.6180989742279053,0.679161787033081,1400,1500,8.32148657089319,-46.99265107745159
2024-11-15 19:50:45.326048,17,164.4182719586567,4096,Sha256,0.69468092918396,0.8083620071411133,1607,1500,8.217426608369768,-42.522017489069334
2024-11-15 19:56:13.635045,17,120.28813690835426,4096,Sha256,0.6065518856048584,0.6955809593200684,1400,1500,7.362585883822611,2.6471443628981888
2024-11-15 20:01:41.923766,17,110.25650290331937,4096,Sha256,0.604658842086792,0.6832499504089355,1400,1500,7.667520299812618,12.388068004372267
2024-11-15 20:07:10.204762,17,147.2520779658228,4096,Sha256,0.5701961517333984,0.6239430904388428,1400,1500,7.242535915053092,-24.088753123048097
2024-11-15 20:12:38.506340,17,82.98300011186284,4096,Sha256,0.671558141708374,0.7833731174468994,1400,1500,7.429918800749531,39.73214982823235
2024-11-15 20:18:07.031474,17,104.72778851775956,4096,Sha256,0.5907599925994873,0.7226581573486328,1400,1500,7.476764522173641,18.082028810118675
2024-11-15 20:23:35.328692,17,143.8947835928496,4096,Sha256,0.6486411094665527,0.7790749073028564,1400,1500,7.51105559025609,-21.233555199875077
2024-11-15 20:29:03.690178,17,263.58080943147513,4096,Sha256,0.6305241584777832,0.9554290771484375,1400,1500,7.282948157401624,-140.53885267020613
2024-11-15 20:34:31.986692,17,186.28328382073906,4096,Sha256,0.6142411231994629,0.736691951751709,1400,1500,7.455340412242348,-63.48955730793254
2024-11-15 20:40:00.486524,17,172.72148930610976,4096,Sha256,0.7540819644927979,0.8542740345001221,1400,1500,7.763023110555902,-50.38432034665834
2024-11-15 20:45:28.523233,17,161.28803712644108,4096,Sha256,0.5939779281616211,0.7591350078582764,1400,1500,7.904996876951906,-38.94614693941287
2024-11-15 20:50:56.782110,17,76.92760498525202,4096,Sha256,0.6753950119018555,0.7641279697418213,1400,1500,8.13991255465334,45.092959478450965
2024-11-15 20:56:25.571261,17,122.02127278132559,4096,Sha256,0.6136319637298584,0.7022809982299805,1400,1500,8.54528419737664,-0.2824699406620862
2024-11-15 21:01:54.383658,17,110.17541764909814,4096,Sha256,0.6204521656036377,0.7106261253356934,1400,1500,8.848032479700187,11.245471580262336
2024-11-15 21:07:22.987807,18,166.44743174130582,4096,Sha1,0.9248960018157959,0.9987771511077881,1400,1500,8.511742660836976,-44.63550124921924
2024-11-15 21:12:50.895426,18,199.96598649406195,4096,Sha256,0.624351978302002,0.6787960529327393,1400,1500,7.4539038101186765,-77.12303833541536
2024-11-15 21:18:19.276400,18,55.25955291568748,4096,Sha256,0.5856289863586426,0.6519858837127686,1400,1500,7.964959400374766,67.13787281386634
2024-11-15 21:23:47.460992,18,228.75541338729982,4096,Sha256,0.6608560085296631,0.7288508415222168,1400,1500,7.420487195502811,-105.96560743285447
2024-11-15 21:29:15.747060,18,12.312248165677438,4096,Sha256,0.5879778861999512,0.7537128925323486,1400,1500,8.099188007495314,130.15312695190505
2024-11-15 21:34:43.557320,18,249.3214402296482,4096,Sha256,0.620028018951416,0.6788530349731445,1400,1500,7.297126795752655,-126.31744807932542
2024-11-15 21:40:11.468389,18,116.53530169414921,4096,Sha256,0.6498348712921143,0.723369836807251,1400,1500,7.667582760774516,6.0239108369768894
2024-11-15 21:45:39.454462,18,159.1587414986934,4096,Sha256,0.781836986541748,0.9355640411376953,1607,1500,7.918051217988757,-36.923065662086195
2024-11-15 21:51:06.702279,18,18.17867128737341,2048,Sha256,0.42316412925720215,0.554192066192627,1400,1500,6.900874453466583,134.45690193628982
2024-11-15 21:56:34.748046,18,171.12754170234916,4096,Sha256,0.5954329967498779,0.6487109661102295,1400,1500,7.388194878201125,-48.15988054341037
2024-11-15 22:02:02.739307,18,103.8227325549355,4096,Sha256,0.5631170272827148,0.6170899868011475,1400,1500,7.805933791380387,18.79112663960025
2024-11-15 22:07:31.197866,18,153.79136695415065,4096,Sha256,0.6301279067993164,0.6994900703430176,1400,1500,7.994503435352905,-31.515488366645847
2024-11-15 22:12:59.577030,18,123.88687679280646,4096,Sha256,0.6869771480560303,0.8434491157531738,1400,1500,7.922048719550282,-1.6524535446595878
2024-11-15 22:18:27.860585,18,164.513128098691,4096,Sha256,0.5408132076263428,0.5859341621398926,1400,1500,8.09793878825734,-42.137814256714556
2024-11-15 22:23:56.198224,18,85.57189903935368,4096,Sha256,0.6787018775939941,0.8057539463043213,1400,3000,8.002685821361649,36.552467207995
2024-11-15 22:29:24.535543,18,142.01159731822042,4096,Sha256,0.7397902011871338,0.841547966003418,1400,1500,7.688819487820112,-19.598659041224234
2024-11-15 22:34:52.975058,18,85.49704642406037,4096,Sha256,0.6048851013183594,0.6686630249023438,1400,1500,8.088569643972518,36.74083580574641
2024-11-15 22:40:21.263743,18,154.39612542482408,4096,Sha256,0.5721540451049805,0.6335279941558838,1400,1500,7.96108682073704,-31.962894284821985
2024-11-15 22:45:49.652682,18,132.5961836433947,4096,Sha256,0.5881750583648682,0.7491769790649414,1607,1500,7.8743910056214865,-10.20792668644597
2024-11-15 22:51:18.091022,18,126.31094498556901,4096,Sha256,0.6103248596191406,0.7130758762359619,1607,1500,8.24903185509057,-4.283377576514678
2024-11-15 22:56:46.402410,19,156.757784750341,4096,Sha256,0.6333920955657959,0.6935241222381592,1400,1500,8.137663960024986,-34.622364928169894
2024-11-15 23:02:14.138435,19,111.92162132882683,2048,Sha256,0.2997899055480957,0.49132299423217773,1400,1500,7.396439725171768,11.490826046221112
2024-11-15 23:07:42.552697,19,107.2307229919779,4096,Sha256,0.6032660007476807,0.7182478904724121,1400,1500,8.042785758900687,15.004977357901312
2024-11-15 23:13:10.916783,19,153.87395525681538,2048,Sha256,0.2849440574645996,0.35050106048583984,1400,1500,7.75690193628982,-30.666302311055592
2024-11-15 23:18:39.275748,19,170.641587546317,4096,Sha256,0.5925920009613037,0.820490837097168,1400,1500,7.610368519675203,-48.02405722985634
2024-11-15 23:24:07.263408,19,55.30822651503907,4096,Sha256,0.6609299182891846,0.8566720485687256,1607,3000,7.15996252342286,67.72755309181761
2024-11-15 23:29:35.128791,19,112.53635188060429,4096,Sha256,0.5833740234375,0.6594648361206055,1400,1500,7.276452217364148,10.544357042473454
2024-11-15 23:35:03.268679,19,135.07410431497922,4096,Sha256,0.6287407875061035,0.7142047882080078,1400,1500,8.117239225484074,-12.93428911617739
2024-11-15 23:40:31.135212,19,166.23671249643405,2048,Sha256,0.33559703826904297,0.39629602432250977,1400,1500,7.916177389131792,-43.2847829481574
2024-11-15 23:45:59.396117,19,73.5303459285126,4096,Sha256,0.6231348514556885,0.7213630676269531,1400,1500,8.223985009369143,48.501171143035606
2024-11-15 23:51:27.322611,19,172.4907083789235,2048,Sha256,0.33112382888793945,0.4295790195465088,1400,1500,8.230293566520924,-49.881704793878825
2024-11-15 23:56:55.054686,19,212.10212744025426,2048,Sha256,0.3166990280151367,0.4311540126800537,1400,1500,7.559337913803873,-88.80931839475328
2024-11-16 00:02:23.475953,19,127.18673848286782,4096,Sha256,0.5753498077392578,0.6300299167633057,1400,1500,8.485071830106184,-5.2771900374765774
2024-11-16 00:07:51.049237,19,208.68159754521992,2048,Sha256,0.32026100158691406,0.43050599098205566,1400,1500,7.724172392254841,-85.55653693004372
2024-11-16 00:13:19.034017,19,123.13099951041184,2048,Sha256,0.3025510311126709,0.3976740837097168,1400,3000,8.146283572767022,-0.37750819800124924
2024-11-16 00:18:47.561958,19,53.43950782420856,4096,Sha256,0.5586509704589844,0.6154088973999023,1400,1500,8.482948157401623,68.50348415053092
2024-11-16 00:24:15.862405,19,65.84238683738089,4096,Sha256,0.5857059955596924,0.6754069328308105,1607,1500,7.951342910680824,56.545157323547784
2024-11-16 00:29:43.553609,19,117.09217993675507,2048,Sha256,0.3617100715637207,0.48166394233703613,1400,1500,7.743410368519676,5.921035680824485
2024-11-16 00:35:11.486566,19,114.50614653000007,2048,Sha256,0.29535412788391113,0.36510419845581055,1400,1500,7.7577139287945025,8.675681214865708
2024-11-16 00:40:39.860914,19,150.52818792728544,4096,Sha256,0.6630599498748779,0.7977199554443359,1400,1500,8.04259837601499,-28.431566208619614
